ID,Video Name,YT-ID,Resolution,Video Length,FPS,Number of Frames,Date of Acquisition,File Size,Subtitles,Sentences,Tokens,Characters
1,"1. Sitzung, TOP 1： Eröffnung der Sitzung durch den Alters­präsidenten ",gQAkjwQ1U2M,1280.0 x 720.0,2551.96,25,63799,2023-03-21,366.57,572,266,4891,31102
2,"1. Sitzung, TOP 2： Beschluss­fassung über Geschäfts­ordnungen ",OU5gyx1oG2c,1280.0 x 720.0,2107.96,25,52699,2023-03-21,239.66,539,245,4882,29811
3,"1. Sitzung, TOP 3： Wahl der Präsidentin­⧸des Präsidenten ",aZX-iPTEHJs,1280.0 x 720.0,4467.96,25,111699,2023-03-21,607.79,419,65,3490,19926
4,"1. Sitzung, TOP 4： Amtsübernahme durch die Präsidentin ",MKGZbA29AmI,1280.0 x 720.0,1209.96,25,30249,2023-03-21,166.14,259,132,2237,13590
5,"1. Sitzung, TOP 5-7： Festlegung der Zahl und Wahl der Stell­ver­treterinnen­⧸Stell­vertreter der Pr ",nF6eF_xgKiw,1280.0 x 720.0,9773.96,25,244349,2023-03-21,811.26,220,138,1782,10709
6,"212. Sitzung, TOP 10, ZP 6-8： Globale Bekämpfung von COVID-19 ",7y7Ye1NbUNs,1280.0 x 720.0,4929,25,123225,2023-03-21,675.01,1272,640,11174,71488
7,"212. Sitzung, ZP 5： Corona-Selbst­tests ",FGB6EuFgp94,1280.0 x 720.0,4590,25,114750,2023-03-21,524.91,1227,604,11113,67790
8,"213. Sitzung, TOP 18： Weiter­entwicklung der Gesundheits­versorgung ",F4wC7h9m2yc,1280.0 x 720.0,4423,25,110575,2023-03-21,513.87,1140,535,9840,64350
9,"213. Sitzung, TOP 19： Direkte Demokratie auf Bundes­ebene ",Pmvdx1E4L0A,1280.0 x 720.0,4741,25,118525,2023-03-21,547.74,1233,601,11143,70734
10,"213. Sitzung, TOP 22, ZP 18： Pandemie­bedingte Wirtschafts­hilfen für Unternehmen ",_zWNEwcRr58,1280.0 x 720.0,4535,25,113375,2023-03-21,628.06,1245,636,11337,70322
11,"215. Sitzung, TOP 11： Wirtschafts­hilfen, Kurzarbeiter­geld ",-3BlYuLIpD8,1280.0 x 720.0,4708,25,117700,2023-03-21,543.71,1271,667,11589,71346
12,"215. Sitzung, TOP 8, ZP 3： Epidemische Lage von nationaler Tragweite ",sfpy3avPdEw,1280.0 x 720.0,5122,25,128050,2023-03-21,594,1280,643,11386,72341
13,"215. Sitzung, TOP 9： Wirtschafts­politik - Lock­down ",uIbcQTWRbk8,1280.0 x 720.0,5045,25,126125,2023-03-21,603.89,1390,827,12928,79475
14,"228. Sitzung, ZP 22-24： Klima&shy;schutz, EEG ",BShfQ9nf0Cc,1280.0 x 720.0,5274,25,131850,2023-03-21,721.66,1402,838,12851,78745
15,"237. Sitzung, TOP 39： Versteuerung von Übergewinnen, Investitions&shy;pflicht ",hNKsqvQ1m_s,1280.0 x 720.0,4185,25,104625,2023-03-21,569.96,1166,603,10606,65764
16,"60. Sitzung, TOP 7： Bürgergeld-Gesetz, Sozialer Arbeits­markt ",R9bmWy8d_Gs,1280.0 x 720.0,5654.12,25,141353,2023-03-21,817.34,1472,810,13861,83341
17,Antrag für mehr Tempo in Bereichen der Barriere­freiheit überwiesen ,zAsT2JbDzgk,1280.0 x 720.0,2896,25,72400,2023-03-21,354.91,767,390,7029,44171
18,"60. Sitzung, TOP 17： Strom- und Gas­sperren, Gas- und Strom­preis­deckel ",2BfQpeS9hJ0,1280.0 x 720.0,4592,25,114800,2023-03-21,568.25,1318,691,12084,72910
19,"60. Sitzung, TOP 9： Wohn­geld-Plus-Gesetz, Heiz­kosten­zuschuss­gesetz ",u_G3LaLGnas,1280.0 x 720.0,4544.12,25,113603,2023-03-21,634,1294,726,12188,73639
20,"60. Sitzung, ZP 3： Migrations­politischer Sonder­weg in Europa ",uJLDZBfULSM,1280.0 x 720.0,5308,25,132700,2023-03-21,688.48,1438,820,13614,82421
21,AfD-Anträge gegen Ge­mein­nützigkeit politischer Organisationen abgelehnt ,UXx5MD87PFA,1280.0 x 720.0,4800,25,120000,2023-03-21,597.63,1231,613,10945,70033
22,Antrag zur Gewinnung von Fach- und Arbeitskräften im Inland abgelehnt ,_c3xXHrIZLQ,1280.0 x 720.0,4694.2,25,117355,2023-03-21,588.36,1264,704,11767,73425
23,Besserer Schutz für hin­weis­gebende Personen im beruf­lichen Umfeld beschlossen ,X-6uwJoJJ10,1280.0 x 720.0,2790,25,69750,2023-03-21,378.17,760,412,7010,44833
24,Boris Pistorius zum Verteidigungsminister vereidigt ,AcQQQ8lSHOc,1280.0 x 720.0,368,25,9200,2023-03-21,50.66,62,32,492,3205
25,Bundeskanzler Scholz will Kräfte für Wiederaufbau der Ukraine bündeln ,JLRU9K3X6Fk,1280.0 x 720.0,9135.64,25,228391,2023-03-21,1099.49,2230,1148,20611,128157
26,Bundestag beschließt Inflationsausgleichsgesetz ,17_ArcGECic,1280.0 x 720.0,2974.12,25,74353,2023-03-21,423.76,785,430,7114,44312
27,Bundestag beschließt Strom- und Gaspreisbremse ,40t1EkiShoM,1280.0 x 720.0,5840,25,146000,2023-03-21,874.65,1491,815,14226,85982
28,Bundestag debattiert EU-Antwort auf das US-Gesetz zur Inflationsbekämpfung ,m3iRkN_osPI,1280.0 x 720.0,4646.28,25,116157,2023-03-21,621.33,1302,711,11700,73357
29,Bundestag erhebt sich zu Ehren von Michail Gorbatschow ,yhf6J6ggsAE,1280.0 x 720.0,1174.64,25,29366,2023-03-21,155.93,217,136,1959,12428
30,Bundestag führt das Chancen-Aufenthaltsrecht ein ,GFkc96CRnrI,1280.0 x 720.0,5578,25,139450,2023-03-21,831.04,1456,810,13274,81832
31,Bundestag lehnt Oppositions­antrag zur Unterstützung der Iran-Proteste ab ,Bmen6DHf8mY,1280.0 x 720.0,5108.24,25,127706,2023-03-21,741.87,1312,711,12081,74893
32,Bundestag lehnt Vermögens­abgabe für Milliardäre und Multi­millionäre ab ,KHS8Lxfgc5g,1280.0 x 720.0,4484.04,25,112101,2023-03-21,561.41,1260,670,11797,72791
33,Bundestag senkt befristet Umsatzsteuer auf Gas auf sieben Prozent ,cPGP_X-ikmk,1280.0 x 720.0,4714,25,117850,2023-03-21,546.69,1225,676,12143,73993
34,Bundestag stimmt für Bürgergeld-Gesetz ,vgxFtTBl924,1280.0 x 720.0,8296.12,25,207403,2023-03-21,1241.36,1648,973,15569,93610
35,Bundestag stimmt für Erhöhung des Wohngeldes ,7us6V0zlYrk,1280.0 x 720.0,3580,25,89500,2023-03-21,460.03,994,568,8822,54366
36,Bundestag stimmt Handelsabkommen mit Kanada zu ,AqHbMJjWvlM,1280.0 x 720.0,5566,25,139150,2023-03-21,685.72,1432,799,13406,83073
37,Bundestag würdigt Annemarie Renger und Wolfgang Schäuble ,wJgZRHNiXiQ,1280.0 x 720.0,1997.52,25,49938,2023-03-21,266.14,370,168,3327,21666
38,Bundestag überweist Gesetz zur Tierhaltungs­kenn­zeichnung ,CInuuDdUDVg,1280.0 x 720.0,4880.12,25,122003,2023-03-21,648.46,1358,740,12210,76496
39,Bundestag： Altmaier sieht Chance für neuen Aufschwung in diesem Jahr ,-BmVcUeKmUQ,640.0 x 360.0,5382,25,134550,2023-03-21,301.66,1074,791,13562,84651
40,Bundestag： Arbeitgeberzuschüsse zum Kurz­arbeitergeld sollen steuerfrei bleiben ,ZHrtxjjDVkE,640.0 x 360.0,2361.08,25,59027,2023-03-21,125.51,486,354,5972,37248
41,Bundestag： Einbürgerung der Nach­fah­ren NS-Verfolgter wird nicht per Gesetz geregelt ,-0NMmkooMsc,640.0 x 360.0,5651,25,141275,2023-03-21,300.58,873,566,10684,66849
42,Energiepolitik spaltet Koalitions- und Oppositionsfraktionen ,Kk8BLA9YIeY,1280.0 x 720.0,4618.12,25,115453,2023-03-21,545.39,1295,756,12042,72786
43,Entwurf zur Verkleinerung des Bundestages stößt bei der Union auf scharfe Kritik ,VNrpzjnZ-iY,1280.0 x 720.0,5020.12,25,125503,2023-03-21,657.09,1317,689,12624,76800
44,Finanzhilfen des Bundes für öffentlichen Personen­nahverkehr beschlossen ,QQONC5ec0qc,640.0 x 360.0,2676,25,66900,2023-03-21,150.13,538,415,6679,42039
45,Forderung nach schnelleren Brücken-Sanierungen an Bundesfernstraßen erörtert ,ADNfy5j17so,1280.0 x 720.0,5066.12,25,126653,2023-03-21,631.27,1315,770,12347,76605
46,Fraktionen positionieren sich zur Politik für das Handwerk ,1-9ZYAIu8zE,1280.0 x 720.0,4895,25,122375,2023-03-21,598.26,1229,622,10968,69219
47,Fraktionen sehen Stunde der Di­plo­ma­tie im Ukraine-Russland-Konflikt ,uzDTA0mx2Po,1280.0 x 720.0,4244,25,106100,2023-03-21,464.92,1064,482,9804,61132
48,Fraktionen streiten über AKW-Laufzeitverlängerung ,duHwO2w8a8Q,1280.0 x 720.0,4770.12,25,119253,2023-03-21,615.54,1281,685,11803,73256
49,Gebärdensprach-Kinderfilm： ＂Applaus für Felix - Ein Tag im Bundestag＂ ,pyZbZItCZFI,1280.0 x 720.0,1793.2,25,44830,2023-03-21,380.35,391,321,6078,21654
50,Gebärdensprachvideo ： Direkt­investitionen aus Nicht-EU-Staaten sollen ge­nauer ge­prüft werden ,I0kR2G3093g,640.0 x 360.0,2294,25,57350,2023-03-21,153.28,464,333,5768,35219
51,Gebärdensprachvideo：  AfD-Antrag über Islam erntet Wider­spruch übriger Fraktionen ,ZbtmVBQaFXI,640.0 x 360.0,4920,25,123000,2023-03-21,205.32,1685,663,13006,78824
52,Gebärdensprachvideo：  Regierungserklärung zur Tagung der Staats- und Regierungschefs der EU-27 ,kaTfo6pBWZw,640.0 x 360.0,7698,25,192450,2023-03-21,300.77,1768,869,17802,110003
53,Gebärdensprachvideo：  Vorschläge von AfD und FDP zur Grund­steuer in der Kritik ,GOVPCmQ3kMo,640.0 x 360.0,4078,25,101950,2023-03-21,213.17,1053,719,11231,67690
54,Gebärdensprachvideo： 19. Bundestag tritt zusammen ,dVOi_Z0D8J8,640.0 x 360.0,6379.6,25,159490,2023-03-21,330.16,1017,521,9004,54714
55,Gebärdensprachvideo： 212. Sitzung： Cannabis-Arzneimittel für Schwerkranke zugelassen ,tWD71PgjFhU,640.0 x 360.0,2735.52,25.00036556,68389,2023-03-21,139.45,621,362,6368,40732
56,Gebärdensprachvideo： 215. Sitzung： Finanzaufsichtsrecht­ ,nSL9soXcpw0,640.0 x 360.0,3924.36,25,98109,2023-03-21,200.79,977,561,10567,64918
57,Gebärdensprachvideo： 215. Sitzung： Inklusives Wachstum ,1FWLNWrAQXk,640.0 x 360.0,7296.64,25,182416,2023-03-21,382.42,1807,1020,19294,116290
58,Gebärdensprachvideo： 30 Jahre friedliche Revolution ,Z7e08cNG26Q,638.0 x 360.0,4434,25,110850,2023-03-21,231.14,1465,649,11404,67301
59,Gebärdensprachvideo： 55 Jahre Élysée-Vertrag ,EjIn08fZr6M,640.0 x 360.0,7605,25,190125,2023-03-21,348.6,1625,791,15980,97895
60,Gebärdensprachvideo： 70 Jahre Gründung des Staates Israel ,2e4SyOa6U1Y,638.0 x 360.0,4806.04,25,120151,2023-03-21,191.3,1336,513,10666,65445
61,Gebärdensprachvideo： Abgeordnete befragen die Bundeskanzlerin ,e-1lMZ21OPg,640.0 x 360.0,276.28,25,6907,2023-03-21,11.25,1076,520,10786,66204
62,Gebärdensprachvideo： Abgeordnete fordern inter­natio­nale Gesund­heits­kooperation ,C4gkzG6G08k,640.0 x 360.0,4605,25,115125,2023-03-21,243.77,806,543,10016,63303
63,Gebärdensprachvideo： Abschaffung des Soli­daritäts­zuschlags auf dem Weg ,QoWfOJ5H5tw,1280.0 x 720.0,4706,25,117650,2023-03-21,602.42,899,658,10899,67749
64,Gebärdensprachvideo： AfD fordert Bericht zur Finan­zierung der Migrations­politik ,sZd6bSe10VU,640.0 x 360.0,3941,25,98525,2023-03-21,213.53,794,572,9601,59434
65,Gebärdensprachvideo： AfD fordert ＂faktenbasierte Klimapolitik＂ ,3-LM7U3ZmoM,640.0 x 360.0,4439,25,110975,2023-03-21,209.22,1252,668,12092,70991
66,Gebärdensprachvideo： AfD kritisiert Corona-Anleihe­kauf­programm der EZB ,AeOeMfaJMzA,640.0 x 360.0,4387,25,109675,2023-03-21,227.27,852,597,10532,66045
67,Gebärdensprachvideo： AfD will inländische Ar­beits­kräfte gegenüber ein­gewan­derten bevor­zugen ,bAPlf5YakHs,640.0 x 360.0,4103,25,102575,2023-03-21,213.26,831,548,10105,61779
68,Gebärdensprachvideo： AfD-Antrag zur Aufgabe der Klimaschutz-Ziele stößt auf breite Kritik ,fRoH1sgUNzo,1280.0 x 720.0,4404,25,110100,2023-03-21,555.23,1143,812,14460,80415
69,Gebärdensprachvideo： AfD-Anträge zu Grund­rechten stoßen auf Widerspruch ,joqd-Mvpa6E,640.0 x 360.0,4491,25,112275,2023-03-21,240.52,929,652,11727,72011
70,Gebärdensprachvideo： AfD-Entwurf zur Be­teili­gung von Par­teien an Me­dien­un­terneh­men beraten ,Qi3dT5R29r4,640.0 x 360.0,4030,25,100750,2023-03-21,214.2,793,558,9850,61288
71,Gebärdensprachvideo： Aktuelle Entwicklung im Nahen und Mittleren Osten ,eueRhYex-Vw,640.0 x 360.0,4373,25,109325,2023-03-21,168.65,1118,488,11062,67342
72,Gebärdensprachvideo： Aktuelle Stunde zu Brexit und Europäischem Rat ,ZU8SpjiHbYU,640.0 x 360.0,4466,25,111650,2023-03-21,196.05,1139,609,11046,67495
73,Gebärdensprachvideo： Aktuelle Stunde zur Lage im Nahen und Mittleren Osten ,ifvsH8mNKTc,640.0 x 360.0,4145.92,25,103648,2023-03-21,167.28,969,533,10666,63874
74,"Gebärdensprachvideo： Aktuelle Stunde, Schulden Irlands und Stahlstandorte ",fyOhmy4pKoA,640.0 x 360.0,10652.72,25,266318,2023-03-21,455.13,2248,1216,21963,135968
75,"Gebärdensprachvideo： Algerien, Marokko und Tu­ne­sien bleiben keine si­cheren Herkunfts­staaten ",yqTilccMEsk,640.0 x 360.0,5658,25,141450,2023-03-21,233.77,1516,654,11888,72469
76,"Gebärdensprachvideo： Altmaier ist optimistisch, Vorpandemie-Niveau im nächsten Jahr zu erreichen ",Xw9UGcWtCY8,1280.0 x 720.0,5638,25,140950,2023-03-21,719.77,1443,728,13317,82143
77,Gebärdensprachvideo： Amtseid des neuen Bundespräsidenten ,J2Shpz9Q684,640.0 x 360.0,4605.88,25.00021711,115148,2023-03-21,236.01,819,402,8631,51208
78,Gebärdensprachvideo： Antrag zu Enquete-Kommission： Direkte Demokratie ,aCn5-Jl2cv4,640.0 x 360.0,4610,25,115250,2023-03-21,188.17,1031,579,11594,71156
79,Gebärdensprachvideo： Antrittsrede des neuen Bundestagspräsidenten ,C3UWlCeUG3M,640.0 x 360.0,7292.96,25,182324,2023-03-21,260.04,486,291,4817,28827
80,Gebärdensprachvideo： Anträge der Linken zur Ost-West-Renten­angleichung abgelehnt ,v8mCYEfPl-Y,1280.0 x 720.0,4314,25,107850,2023-03-21,557.94,1397,981,18107,100753
81,Gebärdensprachvideo： Anträge für mehr Barriere­freiheit abgelehnt ,B7g4-r3ic3U,640.0 x 360.0,2613,25,65325,2023-03-21,145.68,539,442,6349,40538
82,Gebärdensprachvideo： Anträge von AfD und Grünen zum Er­neuerbare-Energien-Gesetz ab­gelehnt ,eCQeXWZmKgs,640.0 x 360.0,4171,25,104275,2023-03-21,224,853,610,10541,64032
83,Gebärdensprachvideo： Anträge von AfD und Grü­nen zur Auf­ar­bei­tung ko­lo­nia­len Un­rechts beraten ,vF7zcPZVflg,640.0 x 360.0,4647.08,25,116177,2023-03-21,249.2,854,579,10391,64344
84,Gebärdensprachvideo： Anträge zu Bildung und Digi­talisierung abgestimmt ,d8BOe2CC6-M,640.0 x 360.0,4982,25,124550,2023-03-21,259.98,957,696,11521,72716
85,Gebärdensprachvideo： Anträge zu Neurege­lungen für Privatver­sicherte kontrovers erörtert ,11WPetsupMk,640.0 x 360.0,3907,25,97675,2023-03-21,211.96,1439,560,10488,65272
86,Bundestag： Kontroverse um Einfüh­rung einer auto­matisierten Gesichtser­kennung ,T1kuVTYxgGg,640.0 x 360.0,4550,25,113750,2023-03-21,245.67,905,619,11257,69050
87,Gebärdensprachvideo： 212. Sitzung： Ernährungs- und Landwirtschaftspolitik ,OfUuRS1ftNE,640.0 x 360.0,3062.52,25.00032653,76564,2023-03-21,155.8,1826,1022,18419,113377
88,Gebärdensprachvideo： Abschiedsrede von Bundestagspräsident Lammert ,8Pd0Hsc0Ovs,640.0 x 360.0,1280.44,25,32011,2023-03-21,52.93,226,65,2015,12608
89,Gebärdensprachvideo： AfD-Vorstoß zur Einhal­tung der Schulden­bremse stößt auf Wider­spruch ,0PmjfvRqndM,1280.0 x 720.0,4028,25,100700,2023-03-21,459.18,1123,550,10388,62328
90,Gebärdensprachvideo： Arbeitsförderung & Barrierefreiheit ,Z6e5bbsafps,640.0 x 360.0,3157,25,78925,2023-03-21,128.25,825,456,8230,51667
91,Gebärdensprachvideo： Arbeitsplätze für schwerbehinderte Menschen ,GFaoPu3fuOc,640.0 x 360.0,2587,25,64675,2023-03-21,133.99,807,407,7019,43461
92,Gebärdensprachvideo： Arbeits­programm 2020 der EU-Kommission stößt im Bundestag auf ge­mischtes Echo ,y8mIErdwVGQ,640.0 x 360.0,4662,25,116550,2023-03-21,235.13,912,632,11747,72381
93,Gebärdensprachvideo： Barrierefreiheit im Internet ,G4Ltu0WuUOQ,638.0 x 360.0,5793.56,25,144839,2023-03-21,227.31,1477,749,15014,92542
94,Gebärdensprachvideo： Befragung der Bundeskanzlerin ,iz9o1zkwTpg,1280.0 x 720.0,4435.56,25,110889,2023-03-21,702.58,1577,748,12553,77317
95,Gebärdensprachvideo： Befragung der Bundesregierung - Merkel will Bonpflicht gegen Steuer­betrug ,ZeI42QuoSr4,638.0 x 360.0,4301.2,25,107530,2023-03-21,231.89,887,644,11177,68219
96,Gebärdensprachvideo： Befragung der Bundesregierung mit Bundeskanzlerin ,LWN9o_wwIMc,640.0 x 360.0,4115,25,102875,2023-03-21,223.94,1516,614,11824,73581
97,Gebärdensprachvideo： Befragung der Bundesregierung ,rqkdSbjcWUE,640.0 x 360.0,2968.84,25,74221,2023-03-21,120.1,680,361,7323,45244
98,Gebärdensprachvideo： Beiträge auf Betriebs­renten unter den Fraktionen umstritten ,uZS2d0rePL8,640.0 x 360.0,4172,25,104300,2023-03-21,168.36,897,404,8834,53130
99,Gebärdensprachvideo： Bekanntgabe der Bildung der Bundesregierung ,TUCJHl1mAp0,640.0 x 360.0,111,25,2775,2023-03-21,4.04,32,4,233,1576
100,Gebärdensprachvideo： Bericht des Petitionsausschusses für 2017 ,-E5fsKlgIQk,640.0 x 360.0,4671,25,116775,2023-03-21,186.87,1298,569,12910,78097
101,Gebärdensprachvideo： Berufliche Bildung ,06qQf-iiNCg,640.0 x 360.0,4089,25,102225,2023-03-21,216.71,1606,641,10920,68460
102,Gebärdensprachvideo： Besseren Arbeits- und Tierschutz in der Fleisch­branche debattiert ,6VkvdZt4tYc,640.0 x 360.0,5713,25,142825,2023-03-21,304.53,1128,780,13614,84230
103,Gebärdensprachvideo： Betrieb von Braunkohlekraftwerken ,7nE5wvEoe7c,640.0 x 360.0,5211,25,130275,2023-03-21,196.14,1284,740,14707,86638
104,Gebärdensprachvideo： Be­kämpfung illegaler Beschäf­tigung erörtert ,RtKZKyLPU_o,640.0 x 360.0,4761,25,119025,2023-03-21,260.62,1762,792,12432,78284
105,Gebärdensprachvideo： Brexit - Fraktionen warnen vor Absen­kung von EU-Standards ,udzSn9BlfdY,640.0 x 360.0,4477.04,25,111926,2023-03-21,237.71,862,603,10708,65831
106,Gebärdensprachvideo： Brexit ,3x0XpWSubVM,640.0 x 360.0,4703,25,117575,2023-03-21,241.25,1199,831,12917,76176
107,Gebärdensprachvideo： Brexit-Übergangsgesetz ,oX4Y0L9tnjk,640.0 x 360.0,4433,25,110825,2023-03-21,238.56,1369,695,11539,68437
108,"Gebärdensprachvideo： Bund will 5,5 Milliarden Euro in Kita-Qualität investieren ",K3QHLLTJ0zc,640.0 x 360.0,4654,25,116350,2023-03-21,188.64,1254,623,13119,76668
109,Gebärdensprachvideo： Bund-Länder-Einigung beim Ausbau der Ganz­tags­betreuung angemahnt ,VFc0VHLNzCI,640.0 x 360.0,4639.32,25,115983,2023-03-21,247.56,932,707,11750,72147
110,Gebärdensprachvideo： Bundeskanzlerin Merkel hält Brexit-Einigung in Brüssel für möglich ,zHkNrXDr-mI,1280.0 x 720.0,7478,25,186950,2023-03-21,944.04,1724,944,22115,128417
111,Gebärdensprachvideo： Bundestag beschließt Ent­lastung beim Solidaritäts­zuschlag ,5aW3o-XTllI,640.0 x 360.0,5007,25,125175,2023-03-21,282.82,888,638,11012,67304
112,Gebärdensprachvideo： Bundestag beschließt Wieder­aufnahme der Zusammen­arbeit mit dem Sudan ,6PPY0JnVqJY,640.0 x 360.0,4152,25,103800,2023-03-21,221.55,728,519,8935,57409
113,Gebärdensprachvideo： Bundes­regierung will weniger Soldaten für Kosovo-Mission ein­setzen ,G_lNDQkfaU8,640.0 x 360.0,2927,25,73175,2023-03-21,149.3,1018,413,7228,46211
114,Gebärdensprachvideo： Chancen und Risiken der Arbeit 4.0 ,EAbFngaGasA,640.0 x 360.0,5923.04,25,148076,2023-03-21,302.26,1487,875,15011,91661
115,Gebärdensprachvideo： Chemnitz dominiert Generalaussprache des Bundestages ,2xk68KlMwok,640.0 x 360.0,14195,25,354875,2023-03-21,521.44,3420,1941,35989,212729
116,Gebärdensprachvideo： Corona-Maß­nah­men sind erfor­der­lich und verhältnismäßig ,chLkHZwj1YM,640.0 x 360.0,8346.36,25,208659,2023-03-21,441.2,1584,1070,19906,122237
117,Gebärdensprachvideo： Debatte zu gleichwertigen Lebensverhältnissen ,4LaVHxgXVIc,640.0 x 360.0,8612,25,215300,2023-03-21,343.38,2870,1391,22731,138735
118,Gebärdensprachvideo： Debatte zu Mietpreispolitik ,Wi3yz2b4yfs,640.0 x 360.0,5623,25,140575,2023-03-21,259.51,1342,812,15041,89061
119,Gebärdensprachvideo： Debatte zu Russlandpolitik ,70z9bOBOvjQ,640.0 x 360.0,4985,25,124625,2023-03-21,277.55,1705,814,13455,82837
120,Gebärdensprachvideo： Debatte zu sozialem Wohnungsbau ,4j84OiKgdsE,640.0 x 360.0,4352.48,25,108812,2023-03-21,195.51,1076,650,11455,68665
121,Gebärdensprachvideo： Debatte zur Rechtsstaatlichkeit in der Türkei ,S0AZqR3ff18,640.0 x 360.0,4497,25,112425,2023-03-21,165.56,1083,570,11669,71048
122,Gebärdensprachvideo： Bundestag beschließt Über­gang der Stasi-Akten ins Bundes­archiv ,SZ5asYV1-eU,640.0 x 360.0,4465,25,111625,2023-03-21,239.46,806,534,9847,62108
123,Gebärdensprachvideo： Bundestag be­schließt bessere Ver­sor­gung von Intensiv-Pflege­bedürftigen ,YtG9z-q1o-4,640.0 x 360.0,3353,25,83825,2023-03-21,166.15,699,497,8419,51519
124,Gebärdensprachvideo： Bundestag billigt mit breiter Mehr­heit Nach­trags­haus­halt für 2020 ,GdNQoyMGglA,640.0 x 360.0,3846,25,96150,2023-03-21,206.89,758,523,9317,58117
125,Gebärdensprachvideo： Bundestag debattiert Oppositions­vorlagen zu Hartz IV-Re­formen ,2SR6ZUxjpAU,640.0 x 360.0,4833,25,120825,2023-03-21,258.47,982,719,12429,75308
126,Gebärdensprachvideo： Bundestag debattiert Organspenden - Mehrheit für die Entscheidungslösung ,KCZMPvN9w-8,640.0 x 360.0,10910,25,272750,2023-03-21,602.42,1715,1205,21703,129620
127,"Gebärdensprachvideo： Bundestag debattiert zu Einwanderung, Flüchtlingen und Bildung ",DN1tvLmHhKU,640.0 x 360.0,8818.2,25,220455,2023-03-21,456.36,2272,1155,22121,136745
128,Gebärdensprachvideo： Bundestag erhebt sich zu Ehren von Hans-Jochen Vogel ,cMhyeNoaveU,640.0 x 360.0,536.8,25,13420,2023-03-21,29.45,95,66,1144,7260
129,Gebärdensprachvideo： Bundestag erhebt sich zu Ehren von Klaus Kinkel ,BOIzg5tagKc,640.0 x 360.0,321,25,8025,2023-03-21,17.08,85,35,636,4192
130,Gebärdensprachvideo： Bundestag erhöht Zertifikats­preise im Emissions­handel ,osuNw5BkObY,640.0 x 360.0,2730,25,68250,2023-03-21,146.18,549,393,6358,39094
131,Gebärdensprachvideo： Bundestag hat Modernisierung des Straf­verfahrens auf den Weg gebracht ,HcztFTYAK1A,640.0 x 360.0,4317,25,107925,2023-03-21,192.98,865,603,10796,68342
132,Gebärdensprachvideo： Bundestag lehnt Antrag gegen höhe­re Nato-Ver­teidi­gungs­aus­ga­ben ab ,yVWlE8LKHz0,640.0 x 360.0,4840.92,25,121023,2023-03-21,201.42,1170,794,12543,74659
133,Gebärdensprachvideo： Bundestag lehnt FDP-Antrag zur föderalen Sicher­heitsarchitektur ab ,PHl3UECgUIQ,640.0 x 360.0,4285,25,107125,2023-03-21,231.2,806,534,10173,63698
134,Gebärdensprachvideo： Bundestag lehnt mehrere Anträge zu Hartz IV ab ,J8p5HD6OhOU,640.0 x 360.0,4332,25,108300,2023-03-21,238.1,875,659,11099,66744
135,Gebärdensprachvideo： Bundestag nimmt die Rolle der Frau­en in der Co­rona-Krise in den Blick ,wndWQgrgx1w,1280.0 x 720.0,4602,25,115050,2023-03-21,534.04,1154,628,10725,65490
136,Gebärdensprachvideo： Bundestag reformiert das Recht der Personen­beförderung ,0z3iihEBouo,1280.0 x 720.0,5042,25,126050,2023-03-21,604.6,1292,736,11349,72008
137,Gebärdensprachvideo： Bundestag stimmt Be­schleu­nigung von Ver­kehrsinvestitionen zu ,es3beC9ZMPI,640.0 x 360.0,4670,25,116750,2023-03-21,255.01,860,598,10181,64115
138,Gebärdensprachvideo： Bundestag stimmt Er­gän­zung des Irakein­satzes zu ,J7gnaTciCCQ,640.0 x 360.0,2392,25,59800,2023-03-21,126.96,464,319,5753,36409
139,Gebärdensprachvideo： Bundestag stimmt europäischen Corona-Finanzhilfen zu ,_KERlWpMh68,640.0 x 360.0,4681,25,117025,2023-03-21,252.68,909,601,11363,69937
140,Gebärdensprachvideo： Bundestag stimmt für Betätigungs­verbot der Hisbollah ,vcKoE8jaGok,640.0 x 360.0,3027,25,75675,2023-03-21,165.36,532,399,6537,40451
141,Gebärdensprachvideo： Bundestag stimmt für das Masern­schutzgesetz ,7s6_hZS0Kys,640.0 x 360.0,4783,25,119575,2023-03-21,261.4,928,628,10955,68403
142,Gebärdensprachvideo： Anträge zur Digitalisierung des Bauwesens im Bundestag erörtert ,RnggWdJXq5E,640.0 x 360.0,4189,25,104725,2023-03-21,220.29,830,581,10699,66639
143,Gebärdensprachvideo： Befragung der Bundesregierung mit der Bundeskanzlerin ,89fsq6THWJ4,640.0 x 360.0,4321,25,108025,2023-03-21,238.95,1349,814,12035,73139
144,Gebärdensprachvideo： Breite Unterstützung für Globalen Migrationspakt ,8PY1KKSwNw4,640.0 x 360.0,5526,25,138150,2023-03-21,218.94,1778,853,13824,83203
145,Gebärdensprachvideo： Bundestag beschließt zweiten Nachtrags­haushalt in der Corona-Krise ,KdskUNtFjKY,640.0 x 360.0,8085,25,202125,2023-03-21,439.08,1679,1227,20580,125509
146,Gebärdensprachvideo： Bundestag entlastet Kinder pflegebedürftiger Eltern ,HaGZiXdzkbM,640.0 x 360.0,2771,25,69275,2023-03-21,148.14,561,409,7093,42967
147,Gebärdensprachvideo： Bundestag stimmt für den Waldumbau ,4YhWrnCM-QE,640.0 x 360.0,4902,25,122550,2023-03-21,261.28,938,770,11654,70838
148,Gebärdensprachvideo： Bundestag stimmt für Einführung eines inklusiven Wahlrechts ,jj-RxTiVaBc,640.0 x 360.0,3390,25,84750,2023-03-21,193.87,710,358,7552,46452
149,Gebärdensprachvideo： Bundestag stimmt für Renten­paket der Regierung ,oZj9CgTGnZg,640.0 x 360.0,5577,25,139425,2023-03-21,230.59,1386,798,13975,84517
150,Gebärdensprachvideo： Bundestag stimmt für weitere Corona-Hilfen für Familien ,CDyv0HjuwQU,640.0 x 360.0,2774,25,69350,2023-03-21,152.2,552,427,6826,41699
151,Gebärdensprachvideo： Bundestag stimmt Vorlagen zum nach­haltigen Wachstum ab ,sWZ603h5EVA,640.0 x 360.0,4860,25,121500,2023-03-21,261.75,941,722,11472,71720
152,Gebärdensprachvideo： Bundestag unterstützt Wissenschaft und Studierende ,Ix2hWCpF6Ag,640.0 x 360.0,2491,25,62275,2023-03-21,135.22,499,342,6156,38618
153,Gebärdensprachvideo： Bundestag verbietet laute Güterwagen ,qwBfbGRyiOE,640.0 x 360.0,2797.12,25.00035751,69929,2023-03-21,147.09,711,399,7475,45301
154,Gebärdensprachvideo： Bundestag verlängert Bundeswehreinsätze ,b6HuY3pS0UY,640.0 x 360.0,12957.32,25,323933,2023-03-21,641.35,2683,1516,28305,173570
155,Gebärdensprachvideo： Bundestag verschärft Kon­trolle von Investitionen aus dem Nicht-EU-Ausland ,O5sQ5fUfAPY,640.0 x 360.0,4286,25,107150,2023-03-21,220.63,844,582,10065,63573
156,Gebärdensprachvideo： Bundestag votiert für Sozial-Pa­ket zur Be­kämpfung von Corona ,BDgzyzL6wfc,640.0 x 360.0,3038,25,75950,2023-03-21,166.35,593,393,7249,45101
157,Gebärdensprachvideo： Bundestag will Weddell­meer in der Ant­arktis als Meeres­schutz­gebiet ,t4UbLlrv_Lk,640.0 x 360.0,2328,25,58200,2023-03-21,123.26,464,317,5757,35047
158,Gebärdensprachvideo： Bundeswehreinsatz im Irak ,gY60xWGThGU,638.0 x 360.0,2537.44,25,63436,2023-03-21,107.78,537,332,6177,37405
159,Gebärdensprachvideo： Bundeswehreinsatz in Afghanistan ,FCiO0GfbDhY,638.0 x 360.0,2743,25,68575,2023-03-21,114.45,486,356,6840,41503
160,Gebärdensprachvideo： Bundeswehreinsätze in Mali und im Irak ,fbs5PO6m_2o,640.0 x 360.0,5116.16,25,127904,2023-03-21,210.84,1193,654,12566,76750
161,Gebärdensprachvideo： Bundeswehreinsätze verlängert ,ujSeK2bhamo,640.0 x 360.0,13308.56,25,332714,2023-03-21,540.29,3162,1645,32552,199712
162,Gebärdensprachvideo： Der Besuch im Reichstagsgebäude ,_rte28lYHgo,1280.0 x 720.0,208.4,25,5210,2023-03-21,56.64,56,30,504,3343
163,Gebärdensprachvideo： Deutsch­land zu stei­gen­den Ver­tei­di­gungs­ausgaben bereit ,T3Gsc2tw2WA,640.0 x 360.0,6163,25,154075,2023-03-21,341.34,1171,820,12638,75429
164,Gebärdensprachvideo： Die Wahl des 19. Deutschen Bundestages ,ZBU2_KmfZ2g,640.0 x 360.0,221.12,25,5528,2023-03-21,12.72,62,34,547,3732
165,Gebärdensprachvideo： Diskussion über staatliche Beteiligungen bei Unter­nehmen ,nOKaZhgltTs,640.0 x 360.0,4400.52,25,110013,2023-03-21,251.27,860,578,10806,66997
166,Gebärdensprachvideo： Doris König zur Vize­prä­si­dentin des Bundes­ver­fas­sungs­ge­richts gewählt ,bX9xjcyVSxA,640.0 x 360.0,273,25,6825,2023-03-21,13.48,50,31,677,4133
167,Gebärdensprachvideo： Eideleistung der Bundesministerin der Justiz ,_AR2jtVThxE,640.0 x 360.0,402,25,10050,2023-03-21,21.85,71,46,647,4122
168,Gebärdensprachvideo： Eidesleistung der Bundesminister ,ZVT5BfYM7Xo,638.0 x 360.0,342.04,25,8551,2023-03-21,16.06,72,26,626,3653
169,Gebärdensprachvideo： Eidesleistung und Regierungserklärung der Bundesministerin der Verteidigung ,OBEAcS3KzZY,640.0 x 360.0,5956,25,148900,2023-03-21,317.08,878,494,10144,60987
170,Gebärdensprachvideo： Eingliederungs­hilfe für Menschen mit Be­hin­de­rung beschlossen ,leOrwoVI1n0,1280.0 x 720.0,2427,25,60675,2023-03-21,334.43,411,180,4600,29439
171,Gebärdensprachvideo： Einsetzung des 1. Untersuchungsausschusses ,Pea9VynNjj8,640.0 x 360.0,2743,25,68575,2023-03-21,109.7,850,324,6399,41636
172,Gebärdensprachvideo： Einsetzung von Ausschüssen ,s7rvH1idH-Y,640.0 x 360.0,2130.24,25,53256,2023-03-21,93.82,461,259,4774,29032
173,Gebärdensprachvideo： Einwanderungsgesetz ,RZQz1ZZIZt8,640.0 x 360.0,5842.04,25,146051,2023-03-21,301.86,1398,830,14454,88742
174,Gebärdensprachvideo： Ein­führung der Grund­rente beschlossen ,0XxYXGB1ves,640.0 x 360.0,4859,25,121475,2023-03-21,259.09,966,732,11602,70752
175,Gebärdensprachvideo： Enquete-Kommission zur künstlichen Intelligenz eingesetzt ,HDQ8-JXNoMw,640.0 x 360.0,4358,25,108950,2023-03-21,181.49,1212,516,10985,69172
176,Gebärdensprachvideo： EU-Gas-Geräte-Verordnung; Änderung SGB IX und XII ,OEr0AXMCRiE,640.0 x 360.0,2712,25,67800,2023-03-21,141.15,960,425,7231,45529
177,Gebärdensprachvideo： EU-Handelsabkommen mit Kanada und Japan ,n8FeRgy05ho,640.0 x 360.0,5408.12,25,135203,2023-03-21,224.31,1435,695,13603,83806
178,Gebärdensprachvideo： Europäische Energiepolitik ,MkN3xilFOc0,640.0 x 360.0,4957,25,123925,2023-03-21,274.88,1784,960,13535,82368
179,Gebärdensprachvideo： Eva Högl als neue Wehrbeauftragte vereidigt ,2buQdSGbEt8,640.0 x 360.0,291,25,7275,2023-03-21,16.41,50,40,571,3584
180,Gebärdensprachvideo： Fachkräfteeinwanderungsgesetz ,1c_vDnFwc3A,640.0 x 360.0,5238,25,130950,2023-03-21,283.76,1930,890,13760,84997
181,Gebärdensprachvideo： Familiennachzug neu regeln ,MgHCndzJmJI,640.0 x 360.0,4310,25,107750,2023-03-21,228,1204,552,10668,65127
182,Gebärdensprachvideo： FDP und AfD schei­tern mit Steuer­senkungs­anträgen ,9Vz1VfIKn1A,1280.0 x 720.0,4278,25,106950,2023-03-21,550.93,899,669,11162,68067
183,Gebärdensprachvideo： FDP und Grüne mit Initiativen zu EU-Grund­rechten gescheitert ,trBr6xWL-JE,640.0 x 360.0,4975,25,124375,2023-03-21,266.25,938,598,11915,74812
184,Gebärdensprachvideo： FDP-Antrag zu Steuer­senkung für Unternehmen ab­gelehnt ,LV5Z2U3lD5o,640.0 x 360.0,4591,25,114775,2023-03-21,259.36,961,682,11931,73769
185,Gebärdensprachvideo： FDP-Antrag zur Schulden­bremse kontrovers debattiert ,ybqThYCDu_E,640.0 x 360.0,4046,25,101150,2023-03-21,211.2,1465,610,10751,65670
186,Gebärdensprachvideo： FDP-Vorschläge zur Min­dest­lohn-Do­ku­men­tation sto­ßen auf Widerstand ,tZQsyP3lb6g,640.0 x 360.0,4437,25,110925,2023-03-21,224.15,1477,656,11823,71777
187,Gebärdensprachvideo： Feierstunde 100 Jahre Frauenwahlrecht ,SH_LPl_jQmw,640.0 x 360.0,4947,25,123675,2023-03-21,252.07,797,547,8650,49966
188,Gebärdensprachvideo： Forderungen nach Polizei­beauf­tragten oder Polizei­beschwerde­stelle abgelehnt ,fRZO7p9vksY,640.0 x 360.0,2649,25,66225,2023-03-21,132.51,1020,686,12681,78951
189,Gebärdensprachvideo： Fraktionen befür­worten Milliar­den-Paket im Kampf gegen Corona-Pan­demie ,lfu-j7DIMEQ,640.0 x 360.0,6797,25,169925,2023-03-21,345.41,1234,827,16099,98126
190,Gebärdensprachvideo： Fraktionen kritisieren AfD-Antrag zu Target-Forderungen ,1RHgcfH14Ws,640.0 x 360.0,3904,25,97600,2023-03-21,205.07,1508,675,10728,66018
191,Gebärdensprachvideo： Fraktionen wollen den Öffent­lichen Gesundheits­dienst stärken ,8hVy2wpCf74,1280.0 x 720.0,4339,25,108475,2023-03-21,486.39,1174,588,10056,63804
192,Gebärdensprachvideo： Fraktionen würdigen das Grundgesetz ,AX0dKvnxoeE,640.0 x 360.0,8458,25,211450,2023-03-21,453.89,1926,1291,20684,127909
193,Gebärdensprachvideo： Friedensmission der Bundes­wehr im Südsudan verlängert ,x4TsFU3SRW8,640.0 x 360.0,2292,25,57300,2023-03-21,127.56,435,316,5328,34208
194,Gebärdensprachvideo： Gedenken an Altkanzler Dr. Helmut Kohl ,FfbUS7hiW2w,638.0 x 360.0,1446.04,25,36151,2023-03-21,71.01,245,78,2399,15155
195,Gebärdensprachvideo： Gedenken an Opfer der „Euthanasie“ im NS-­Staat ,RNYNsO1y8UQ,640.0 x 360.0,4181.52,25.00023915,104539,2023-03-21,219.92,678,300,6181,39189
196,Gebärdensprachvideo： Gedenken der Terroropfer und Wahl einer Stellvertreterin des Präsidenten ,jWzIjWSX4qU,640.0 x 360.0,2888.48,25,72212,2023-03-21,161.82,283,135,2764,17737
197,Gebärdensprachvideo： Gedenken zum Volkstrauertag ,NTruTHxkxkg,640.0 x 360.0,3423.04,25,85576,2023-03-21,133.21,501,256,5026,30491
198,Gebärdensprachvideo： Gedenkstunde zum 9. November ,GF350jESEZQ,640.0 x 360.0,3990,25,99750,2023-03-21,161.28,599,276,5660,34564
199,Gebärdensprachvideo： Gedenkstunde zum Volkstrauertag ,OowQu4t0N1c,1280.0 x 720.0,4690.8,25,117270,2023-03-21,678.33,639,356,6541,39386
200,Gebärdensprachvideo： Generalaussprache im Parlament ,MEAJHt88Mhc,640.0 x 360.0,10770,25,269250,2023-03-21,426.61,2397,1437,26436,160364
201,Gebärdensprachvideo： Generalaussprache zum Etat der Bundeskanzlerin ,DvpYPpKQaaw,1280.0 x 720.0,14101,25,352525,2023-03-21,1437.28,3738,1843,32471,193386
202,Gebärdensprachvideo： Generalaussprache zum Haushalt 2018 ,v6BbfOCmCU0,640.0 x 360.0,14241,25,356025,2023-03-21,581.04,3452,1813,35819,214341
203,Gebärdensprachvideo： Generaldebatte zum Kanzleretat ,HMh_9JSgyV0,640.0 x 360.0,14380,25,359500,2023-03-21,477.6,3482,1786,35157,210586
204,Gebärdensprachvideo： Gesetz beugt Immobilienblasen vor ,BQLpeuruQak,640.0 x 360.0,2633.24,25.00037976,65832,2023-03-21,139.5,672,371,6813,42425
205,Gebärdensprachvideo： Gesetze gegen Steuerbetrug beschlossen ,9tCEFM0gPIg,640.0 x 360.0,4504.88,25.00022198,112623,2023-03-21,241.68,1135,675,11721,72121
206,Gebärdensprachvideo： Gesetz­entwürfe zu Kinder­rech­ten im Grund­gesetz ,RrqdZ-D8Z6M,640.0 x 360.0,4151,25,103775,2023-03-21,220.21,1483,454,11093,68254
207,Gebärdensprachvideo： Gesunde Ernährung ,O9TX907_pag,640.0 x 360.0,4320.28,25,108007,2023-03-21,195.71,1054,612,10648,65838
208,Gebärdensprachvideo： Gesunde Ernährung ,WmOBy7zNqd0,640.0 x 360.0,4692,25,117300,2023-03-21,180.18,1118,774,12157,73602
209,Gebärdensprachvideo： Geteiltes Echo auf geplante Regelungen für Menschen mit Behinderungen ,X8EkXTsmIgA,1280.0 x 720.0,7454.08,25,186352,2023-03-21,910.83,1451,943,18720,117396
210,Gebärdensprachvideo： Globaler Pakt für Migration ,u6OtUe6VVeI,640.0 x 360.0,5772,25,144300,2023-03-21,306.7,1945,870,14788,88922
211,Gebärdensprachvideo： Grundgesetz-Änderung für Finanzreform ,uWTks3Sfxgc,640.0 x 360.0,14456.72,25,361418,2023-03-21,772.21,2759,1555,27877,172867
212,Gebärdensprachvideo： Grundsteuerreform ,P4ckjPntyq8,640.0 x 360.0,4371,25,109275,2023-03-21,240.61,1081,690,11766,71655
213,Gebärdensprachvideo： Grüne und Linke mit Vor­schlä­gen zum Um­gang mit Canna­bis­produkten ,UJG6G3_5Lyw,640.0 x 360.0,4576,25,114400,2023-03-21,232.88,935,737,11386,70756
214,Gebärdensprachvideo： Debatte über Gedenk­ort für NS-Kriegs­opfer im Osten ,gu8LJeFWKCI,640.0 x 360.0,4228,25,105700,2023-03-21,232.96,1287,525,10491,64674
215,Gebärdensprachvideo： Eidesleistung der Kanzlerin ,nSj5QNB-vAA,640.0 x 360.0,301,25,7525,2023-03-21,11.98,63,24,437,2729
216,Gebärdensprachvideo： Ermäßigte Umsatzsteuer für Speisen in Gaststätten beschlossen ,SjQLf7DNXOQ,640.0 x 360.0,2870,25,71750,2023-03-21,161.32,603,493,7507,46094
217,Gebärdensprachvideo： FDP will klare gesetz­liche Grund­lage für In­fek­tions­schutz­maß­nahmen ,_RGnbJyA_Wk,640.0 x 360.0,4790.12,25,119753,2023-03-21,244.56,896,593,11169,68249
218,Gebärdensprachvideo： Fraktionen werben für Moderni­sierungen im Petitions­wesen ,Kd9z2Gz9DgU,640.0 x 360.0,4461.68,25,111542,2023-03-21,242.56,855,620,10542,65039
219,Gebärdensprachvideo： Gedenkenstunde für NS-Opfer ,MbRy99EpxK8,640.0 x 360.0,3721.92,25,93048,2023-03-21,152.88,513,377,5630,33318
220,Gebärdensprachvideo： Gesetzentwurf zu Abschie­bungen stößt auf Kritik ,TU-i168lt50,640.0 x 360.0,4243,25,106075,2023-03-21,222.31,1558,668,10695,66701
221,Gebärdensprachvideo： Antisemitismus ,Yj9zVi8H1Gw,640.0 x 360.0,2972.12,25,74303,2023-03-21,138.43,625,351,6487,39152
222,Gebärdensprachvideo： Bundes­kanzlerin Merkel sieht Licht am Ende des Tunnels ,R8jlYN-PbLQ,640.0 x 360.0,14783,25,369575,2023-03-21,677.58,2897,1967,36901,222348
223,Gebärdensprachvideo： Grüne wollen „soziale Absicherung europa­weit garantieren“ ,8znBl7p6x1M,640.0 x 360.0,4730,25,118250,2023-03-21,190.51,1653,572,12720,79201
224,Gebärdensprachvideo： Merkel-Appell in der Generaldebatte - ＂Halten Sie sich an die Regeln!＂ ,5ABwTUMeR50,640.0 x 360.0,13788,25,344700,2023-03-21,446.08,2604,1777,33557,204293
225,Gebärdensprachvideo： Wahl des Parl. Kontrollgremiums ,bEXGkr0mmuY,640.0 x 360.0,988.88,25,24722,2023-03-21,60.65,116,82,1187,7204
226,Gebärdensprachvideo： Haushalt 2020： General­aus­sprache zur Politik der Großen Koa­lition ,8VPasboA8SM,640.0 x 360.0,14986,25,374650,2023-03-21,808.97,2834,2057,35902,217298
227,Gebärdensprachvideo： Haushaltsberatungen über den Etat der Bundeskanzlerin und des Bundeskanzleramts ,jc7JuML7zVc,640.0 x 360.0,13552,25,338800,2023-03-21,421.93,2658,1879,33741,206170
228,Gebärdensprachvideo： Hohe Strafen für illegale Autorennen ,4Vcs209c3Lc,640.0 x 360.0,2605.72,25,65143,2023-03-21,139.08,615,344,6559,40182
229,Gebärdensprachvideo： In Sachen Inklusion ist noch viel zu tun ,v7lIlKSRMtY,640.0 x 360.0,3905.88,25,97647,2023-03-21,198.39,837,421,8392,52341
230,Gebärdensprachvideo： Intensive Debatte zum Kohle­ausstieg ,CdIIFZotYKQ,638.0 x 360.0,5306,25,132650,2023-03-21,285.28,1818,769,14531,87126
231,Gebärdensprachvideo： Internationaler Weltfrauentag ,o__V0mxEvQA,640.0 x 360.0,4223,25,105575,2023-03-21,171,1118,437,10235,61499
232,Gebärdensprachvideo： Ja zu Gesetzen zum Bevöl­ke­rungs- und Sozialschutz und zu Kran­ken­häu­sern ,qH1tRuL1DDU,640.0 x 360.0,3206,25,80150,2023-03-21,171.74,634,444,7423,47071
233,Gebärdensprachvideo： Jahresabrüstungsbericht 2017 ,hBL6jKIG7lY,640.0 x 360.0,4552,25,113800,2023-03-21,218.25,1039,524,11045,69357
234,Gebärdensprachvideo： Jahresbericht zum Stand der Deutschen Einheit 2018 ,FrjNxuzKxAY,640.0 x 360.0,6457,25,161425,2023-03-21,237.08,1512,919,16626,101384
235,Gebärdensprachvideo： Jahreswirtschaftsbericht 2019 ,aCKkWEdobYw,640.0 x 360.0,4686,25,117150,2023-03-21,269.55,1508,655,12316,75565
236,Gebärdensprachvideo： Kanzlerin will EU-Rats­präsident­schaft für Reformen nutzen ,AIOGoLD5i7I,640.0 x 360.0,6345,25,158625,2023-03-21,328.79,1163,767,14454,90042
237,Gebärdensprachvideo： Kapa­zitäten für Schnell­tests und Masken für Risiko­gruppen erörtert ,kgPrV0hcXdg,1280.0 x 720.0,4468,25,111700,2023-03-21,636.71,1170,564,10447,65927
238,Gebärdensprachvideo： Kaum Echo auf Lin­ken-Vorstoß für mehr Geld im öffent­lichen Dienst ,Aoe45PmQxBI,640.0 x 360.0,4328,25,108200,2023-03-21,227.93,827,543,10320,64222
239,Gebärdensprachvideo： Kein Rückhalt im Bundestag für AfD-Antrag gegen Islamismus ,ObGJrDOttZQ,640.0 x 360.0,4327,25,108175,2023-03-21,230.11,848,537,10518,65935
240,"Gebärdensprachvideo： Kindergeld, Grund­frei­be­trag und Behinder­ten-Pausch­beträge steigen ",Zn1u70-9o78,640.0 x 360.0,2693,25,67325,2023-03-21,139.6,510,384,6062,38105
241,Gebärdensprachvideo： Kinderweihnachtsgeld ,MW-3ecXbk88,640.0 x 360.0,4001,25,100025,2023-03-21,212.34,1326,638,10797,64415
242,Gebärdensprachvideo： Klimaschutz soll laut Grünen ins Grundgesetz ,QChvcx4IQMk,640.0 x 360.0,4597,25,114925,2023-03-21,168.12,1138,548,11800,71924
243,Gebärdensprachvideo： Klimaschutz und Nach­haltigkeit als gemein­same Aufgabe ,SquJJA7yhCg,640.0 x 360.0,5048,25,126200,2023-03-21,276.68,987,735,11998,73272
244,Gebärdensprachvideo： Klimaschutzpolitik ,Do5aeLXUCD0,640.0 x 360.0,5348,25,133700,2023-03-21,220.5,1432,798,14582,86945
245,Gebärdensprachvideo： Koalition kündigt Reform der Kin­der- und Jugend­hilfe an ,ucEwyICYI6s,640.0 x 360.0,4296,25,107400,2023-03-21,226.35,1496,621,11782,72698
246,Gebärdensprachvideo： Koalition plant Einmal­zahlung an die Bezieher von Grund­sicherung ,24FCmS7Fnvg,1280.0 x 720.0,2747,25,68675,2023-03-21,322.64,761,358,6937,42351
247,Gebärdensprachvideo： Koalition stimmt für Starke-Familien-Gesetz ,jKQELEQ8e7A,640.0 x 360.0,5099,25,127475,2023-03-21,271.03,1331,1057,15004,87785
248,Gebärdensprachvideo： Koalition uneins über Grünen-Vorschlag zur Kindergrundsicherung ,HBRgQeVaSy0,1280.0 x 720.0,4445,25,111125,2023-03-21,568.9,957,706,11743,71551
249,Gebärdensprachvideo： Kontroverse Debatte über AfD-Antrag zur Grenz­sicherung ,TNPKzCTOE6o,640.0 x 360.0,4137,25,103425,2023-03-21,219.01,789,546,10046,61274
250,Gebärdensprachvideo： Kontroverse Debatte über Quoten im Wahl­recht ,PZPGdAxPmu0,640.0 x 360.0,4411,25,110275,2023-03-21,235.76,1494,621,11438,70165
251,Gebärdensprachvideo： Kontroverse Debatte über „kalte Pro­gression“ ,Z-exkkv8lmg,640.0 x 360.0,6250,25,156250,2023-03-21,339.12,1257,906,14516,83666
252,Gebärdensprachvideo： Kontroverse um die Fort­geltung der epide­mischen Lage ,xY0ex4xDIIE,1280.0 x 720.0,5365,25,134125,2023-03-21,571.37,1392,682,12704,77737
253,Gebärdensprachvideo： Kontroverse um Linken-Antrag zu Staats­hilfen nach dänischem Vorbild ,RCGHKhd57Jc,640.0 x 360.0,4144.04,25,103601,2023-03-21,225.33,840,621,10733,65200
254,Gebärdensprachvideo： Kontroverse um „Fair Play“ in der digitalen Welt ,f59GmHT5RdY,640.0 x 360.0,4307,25,107675,2023-03-21,232.2,1064,661,11583,72479
255,Gebärdensprachvideo： Kontroverse über Arbeits­bedingungen im Post- und Paketmarkt ,wAoCkf0vWdY,640.0 x 360.0,4228,25,105700,2023-03-21,227.41,1538,524,11772,73410
256,Gebärdensprachvideo： Ko­alitions­antrag zur nach­hal­tigen Mobilitäts­forschung angenommen ,YneaRn4dpuU,640.0 x 360.0,2337,25,58425,2023-03-21,132.82,494,374,5893,36853
257,Gebärdensprachvideo： Kritik am Starke-Familien-Gesetz ,AZIfTtp6Tno,640.0 x 360.0,4690,25,117250,2023-03-21,253.29,1731,821,13352,79189
258,Gebärdensprachvideo： Kritik an AfD-Antrag zu Ein­spa­rungen aus EU-Budget ,w7IxjfrwQQM,640.0 x 360.0,3924,25,98100,2023-03-21,211.44,1448,550,10357,63633
259,Gebärdensprachvideo： Kritik an AfD-Antrag zur Rolle der EU ,DWO5cpxdz5E,640.0 x 360.0,4328,25,108200,2023-03-21,230.61,851,592,10717,65007
260,Gebärdensprachvideo： Kritik an Bilanz von Entwicklungsminister ,gUBgiZWnbfY,640.0 x 360.0,4824.92,25,120623,2023-03-21,261.69,1144,721,12167,73030
261,Gebärdensprachvideo： Kritik an FDP-Vorstoß für mehr Parlaments­rechte in Pandemie-Zeiten ,iKUzN8YhKUU,1280.0 x 720.0,4838,25,120950,2023-03-21,632.39,1198,611,10871,67325
262,Gebärdensprachvideo： Letzte Sitzung des 18. Deutschen Bundestages ,ldwpWwtpg3g,640.0 x 360.0,14810.48,25,370262,2023-03-21,628.88,3664,1916,36940,214802
263,Gebärdensprachvideo： Linke und Grüne wollen Kinder­rechte in der Pan­demie schützen ,pSdKmiN9QjU,640.0 x 360.0,4922,25,123050,2023-03-21,265.07,996,723,12737,77234
264,Gebärdensprachvideo： Linke will Forderungen ehemaliger Adels­häuser unterbinden ,NzF_HXQuR1U,640.0 x 360.0,4252,25,106300,2023-03-21,228.1,769,498,9617,61225
265,Gebärdensprachvideo： Lob und Kritik für geplante Reform der Kinder- und Jugend­hilfe ,9mBKgEpUGI4,1280.0 x 720.0,11029,25,275725,2023-03-21,1329.81,3583,1503,28868,180631
266,Gebärdensprachvideo： Lohngerechtigkeit bei Frauen und Männern ,Z_Jx-osp934,640.0 x 360.0,4728.4,25,118210,2023-03-21,241.64,1207,680,12790,76188
267,Gebärdensprachvideo： Lösungswege zur Alters­sicherung jü­discher Kon­tingentflüchtlinge ,9J1LwM0HhJc,640.0 x 360.0,3660,25,91500,2023-03-21,195.2,1261,523,9551,60377
268,Gebärdensprachvideo： Maritime Wirtschaft als Zukunftsbranche ,we14YL6348w,640.0 x 360.0,4244.64,25.00023559,106117,2023-03-21,219.36,1102,622,11178,68229
269,Gebärdensprachvideo： Mehr Barrie­re­freiheit im Schienen­ver­kehr gefordert ,-kH68B9lKxQ,640.0 x 360.0,6107,25,152675,2023-03-21,240.43,1961,733,16603,97728
270,Gebärdensprachvideo： Mehrere Oppositions­anträge zur Ver­kehrs­politik abgelehnt ,t-2S8x4WkNE,1280.0 x 720.0,4966,25,124150,2023-03-21,673.42,1134,822,13969,78795
271,Gebärdensprachvideo： Mehrheit für Deutsch-Fran­zö­si­sches Parla­ments­ab­kommen ,fpSAiavMq48,640.0 x 360.0,4416,25,110400,2023-03-21,244.35,1471,467,10790,67800
272,Gebärdensprachvideo： Meis­terpflicht für zwölf Hand­werke wieder ein­geführt ,SwQ3zIZHjC0,640.0 x 360.0,4450,25,111250,2023-03-21,238.24,828,629,10169,63281
273,Gebärdensprachvideo： Menschenrechtslage in Deutschland ,oxY1DkQQrY0,640.0 x 360.0,4599,25,114975,2023-03-21,244.99,1185,651,12491,77646
274,Gebärdensprachvideo： Merkel dämpft Erwartungen an EU- und Nato-Gipfel ,tYilhgX9e5M,640.0 x 360.0,7978,25,199450,2023-03-21,450.48,1862,895,18855,114285
275,Gebärdensprachvideo： Merkel sieht Coronakrise noch nicht überwunden ,W7_uDJ1FcXI,640.0 x 360.0,8787,25,219675,2023-03-21,449.51,1633,1067,21112,128142
276,Gebärdensprachvideo： Merkel stellt Bedingungen für Brexit-Aufschub ,_mwUxEn4Wnw,640.0 x 360.0,8921,25,223025,2023-03-21,449.86,3099,1242,22809,139946
277,Gebärdensprachvideo： Mindest- und Garantie­rente zum Schutz vor Alters­armut debattiert ,VHWitvUGtSI,640.0 x 360.0,4437,25,110925,2023-03-21,239.66,844,590,10457,65026
278,Gebärdensprachvideo： Mindest­vergütung in der Ausbildung ,MlDA9jNmwsc,1280.0 x 720.0,4294,25,107350,2023-03-21,563.93,861,623,10315,66088
279,Gebärdensprachvideo： Nach Hanau-Morden Gefahr von Hass und rechtem Terror im Bundestag debattiert ,QoPKL2e1HtI,640.0 x 360.0,5824,25,145600,2023-03-21,308.87,997,688,12912,77200
280,Gebärdensprachvideo： NATO-Beitritt der Republik Nordmazedonien ,NzSYmvibxNY,640.0 x 360.0,3038,25,75950,2023-03-21,160.58,1013,447,7389,45897
281,Gebärdensprachvideo： Neuer Bundespräsident gewählt ,I05eHVTCXyI,640.0 x 360.0,7168.44,25,179211,2023-03-21,344.71,589,229,5431,33549
282,Gebärdensprachvideo： Neuordnung des Bund-Länder-Finanzausgleichs ,3Sh6ywMApbc,640.0 x 360.0,5578.92,25,139473,2023-03-21,287.48,1393,747,14186,86165
283,Gebärdensprachvideo： Neuregelung von Wahlrechtsausschlüssen ,mmGqwuBihuo,638.0 x 360.0,2578.24,25,64456,2023-03-21,135.62,935,366,6676,42173
284,Gebärdensprachvideo： Ja zu mehr Parla­ments­be­teili­gung und Nein zu AfD-Corona-Anträgen ,HzFteVO6nAY,640.0 x 360.0,4297.4,25,107435,2023-03-21,234.37,839,594,10322,63986
285,Gebärdensprachvideo： Keine Mehrheit für AfD-Kandidaten zur Besetzung von Gremien ,dpVh-W91dzM,638.0 x 360.0,243.24,25,6081,2023-03-21,12.99,50,34,589,3648
286,Gebärdensprachvideo： Koalition plant weitere Steuer­hilfen aufgrund der Corona-Krise ,gMvlyTU-0RQ,1280.0 x 720.0,2367,25,59175,2023-03-21,286.81,684,390,6420,38341
287,Gebärdensprachvideo： Kontroverse über Vor­lagen zum Atom­ausstieg ,cdaWpHgaRqA,640.0 x 360.0,4715,25,117875,2023-03-21,254.81,1699,718,12051,75265
288,Gebärdensprachvideo： Linke scheitert mit drei Anträgen zur Kranken- und Pflege­versicherung ,OpthHcrZS8Q,640.0 x 360.0,4651,25,116275,2023-03-21,242.72,887,604,10547,67452
289,Gebärdensprachvideo： Mehr Steuern durch kalte Progression ,Xhs3zzfJ5Mg,640.0 x 360.0,4153,25,103825,2023-03-21,162.94,1020,626,10997,66263
290,Gebärdensprachvideo： Opposition fordert nachhaltige Stärkung der Krankenhauspflege ,qfL-A0f_QHc,640.0 x 360.0,3988,25,99700,2023-03-21,219.64,877,569,10821,66574
291,Gebärdensprachvideo： Opposition kritisiert Kindergelderhöhung als Blendwerk ,y93xEV_USvI,640.0 x 360.0,4567,25,114175,2023-03-21,190.86,1143,491,11600,69097
292,Gebärdensprachvideo： Opposition kritisiert Regierungs­pläne zum digitalen Wandel ,KBLta_Qpemk,640.0 x 360.0,4841,25,121025,2023-03-21,253.78,1679,907,13230,81453
293,Gebärdensprachvideo： Opposition unzu­frie­den mit Bund-Länder-Be­schlüssen zur Co­ro­na-Krise ,j1WWc5jAmQg,1280.0 x 720.0,7799,25,194975,2023-03-21,974.58,2144,1076,19850,119131
294,Gebärdensprachvideo： Oppositionsanträge zur Finanzierung von Hoch­schulen überwiesen ,wons9ECHf0Y,640.0 x 360.0,4163,25,104075,2023-03-21,169.21,1481,548,11493,71892
295,Gebärdensprachvideo： Oppositionsvorlagen zur Entwicklung und Zusam­menarbeit abgelehnt ,NkMi1DoPnDo,640.0 x 360.0,5228,25,130700,2023-03-21,272.79,974,729,11525,72127
296,Gebärdensprachvideo： Ordnungsgemäße Verwendung öffentl. Mittel ,GpmLarNveRA,640.0 x 360.0,3990,25,99750,2023-03-21,157.41,933,496,9957,60897
297,Gebärdensprachvideo： Personelle Einsatzbereitschaft der Bundeswehr ,0HeLzKE-6oQ,640.0 x 360.0,3977,25,99425,2023-03-21,212.04,1561,621,10596,66769
298,Gebärdensprachvideo： Petitionen - Bitten und Beschwerden an den Bundestag ,gSwgn_DXBVA,1280.0 x 720.0,204.2,25,5105,2023-03-21,49.21,52,27,432,3088
299,Gebärdensprachvideo： Pflege­sofortprogramm erstmals beraten ,gMYCJp4sWnE,640.0 x 360.0,4568,25,114200,2023-03-21,166.42,1230,515,12140,74131
300,Gebärdensprachvideo： Plenum debattiert über Zukunft der be­ruflichen Bildung ,-GCxTOlZaoA,640.0 x 360.0,4002,25,100050,2023-03-21,215.07,795,557,9732,63058
301,Gebärdensprachvideo： Privatsphäre und Sicherheit im digitalen Raum ,f8DA1gf6_R4,640.0 x 360.0,4258,25,106450,2023-03-21,217.99,1093,623,10555,67137
302,Gebärdensprachvideo： Pro und Contra Entlastung An­gehöriger von Pflege­kosten ,pIUTJjDU2gE,1280.0 x 720.0,6070,25,151750,2023-03-21,771.8,1029,537,11750,72739
303,Gebärdensprachvideo： Pro und Contra FDP-Anträge zur Familien­politik in Corona-Zeiten ,K4Wijoxr8tE,1280.0 x 720.0,4795,25,119875,2023-03-21,523.27,1386,723,12667,77257
304,Gebärdensprachvideo： Reform der Pflegeausbildung ,ZNCG92vLxwU,638.0 x 360.0,4486.92,25,112173,2023-03-21,235.4,1119,631,11572,70429
305,Gebärdensprachvideo： Reform des sozialen Entschädi­gungs­rechts als sach­gerecht bewertet ,OgQKWeBKRGo,1280.0 x 720.0,5968,25,149200,2023-03-21,814.33,1022,559,13874,87062
306,Gebärdensprachvideo： Reform des Wettbe­werbs­rechts auf digitalen Märkten debattiert ,OuQjQTGyyUQ,640.0 x 360.0,2347,25,58675,2023-03-21,118.22,448,302,5516,35226
307,Gebärdensprachvideo： Regierung legt Ent­wurf zu siche­ren Her­kunfts­staaten vor ,gHq0poiI0VM,640.0 x 360.0,4540,25,113500,2023-03-21,168.44,1559,666,12516,77446
308,Gebärdensprachvideo： Regierung soll Bericht über Menschen­rechts­politik neu ausrichten ,AerC5qW_Xow,640.0 x 360.0,4665,25,116625,2023-03-21,250.66,894,643,10987,70877
309,Gebärdensprachvideo： Regierung will Jobchancen Langzeitarbeitsloser erhöhen ,WtCkrBfYLOw,640.0 x 360.0,4268,25,106700,2023-03-21,172.27,1435,495,10854,68027
310,Gebärdensprachvideo： Regierung will Stabilität des Banken­sektors stärken ,ygVALJKL2eI,640.0 x 360.0,2314,25,57850,2023-03-21,122.07,460,305,5491,34153
311,Gebärdensprachvideo： Regierungserklärung der Bundeskanzlerin ,AUKbJTg60EM,640.0 x 360.0,9178,25,229450,2023-03-21,372.1,2214,878,22489,136059
312,Gebärdensprachvideo： Regierungserklärung der Bundeskanzlerin ,hW6Md7C7zFs,638.0 x 360.0,3577.36,25,89434,2023-03-21,148.95,927,381,8252,52570
313,Gebärdensprachvideo： Regierungserklärung zu EU-Gipfel und Statements zur Türkei ,wreHHaWXigo,640.0 x 360.0,10485.16,25,262129,2023-03-21,564.54,2419,1282,25267,151971
314,Gebärdensprachvideo： Regierungserklärung zum Brexit ,8CLyaHsyxLA,640.0 x 360.0,7147.8,25,178695,2023-03-21,395.19,1650,761,16655,102541
315,Gebärdensprachvideo： Regierungserklärung zum G20-Gipfel ,_2VzX34a-aU,640.0 x 360.0,8743.24,25,218581,2023-03-21,367.08,1920,1052,19986,121462
316,Gebärdensprachvideo： Rivlin fordert Bekämpfung von Antisemitismus und Fremdenhass ,h7chJvKBxYU,640.0 x 360.0,4509,25,112725,2023-03-21,237.59,489,322,6115,36108
317,Gebärdensprachvideo： Schutzpaket für mehr Corona­tests und Pflege-Prämien be­schlossen ,yBhGk6I5LbY,640.0 x 360.0,3271,25,81775,2023-03-21,178.46,618,423,7244,46818
318,Gebärdensprachvideo： Sicher­heit infor­ma­tions­technischer Systeme thematisiert ,BCcs6DBM-Lk,1280.0 x 720.0,2364,25,59100,2023-03-21,337.88,621,319,5559,35206
319,Gebärdensprachvideo： Solidarische Mindest­rente der Linken über­zeugt andere Frak­tionen nicht ,6Iya33tvJRY,640.0 x 360.0,4594,25,114850,2023-03-21,241.7,1633,616,12117,74640
320,Gebärdensprachvideo： Staatsakt zu Ehren Dr. Philipp Jenninger ,lZm5VMWiL4Q,640.0 x 360.0,3844.64,25,96116,2023-03-21,161.29,417,263,4379,27420
321,Gebärdensprachvideo： Streit um Aufhe­bung der epide­mi­schen Lage von natio­naler Trag­weite ,l6KqoApgY_A,640.0 x 360.0,5343,25,133575,2023-03-21,273.32,1079,682,13469,81173
322,Gebärdensprachvideo： Streit über Stra­tegien in der Ge­sundheits­politik ,H9EkLs9yEDw,640.0 x 360.0,4859,25,121475,2023-03-21,257.36,944,642,11468,70128
323,Gebärdensprachvideo： Strukturhilfen für Kohleregionen ,rztN5ZIzeGg,640.0 x 360.0,2656,25,66400,2023-03-21,146.03,532,402,6513,40562
324,Gebärdensprachvideo： Stärkung der Kultur im ländlichen Raum ,kEdH1dpUDM8,640.0 x 360.0,4422,25,110550,2023-03-21,242.6,1000,680,11090,66845
325,Gebärdensprachvideo： Technologische Leistungsfähigkeit Deutschlands ,gdffOnqPq18,638.0 x 360.0,4530.04,25.00022075,113252,2023-03-21,244.27,1094,640,11445,70296
326,Gebärdensprachvideo： Teilhabeausweis statt Schwerbehindertenausweis ,awO9sG9m4Mo,638.0 x 360.0,4810.08,25,120252,2023-03-21,212.83,1241,590,12709,76640
327,Gebärdensprachvideo： Teil­zeit­regelung für Frei­willigen­dienste ,e1y-sMQo0Yo,640.0 x 360.0,3908,25,97700,2023-03-21,209.21,1379,620,10445,64886
328,Gebärdensprachvideo： Terminservice- und Versorgungsgesetz ,ayCcBph07SU,640.0 x 360.0,4424,25,110600,2023-03-21,228.01,1453,602,11128,69298
329,Gebärdensprachvideo： Umsetzung der Marrakesch-Richtlinie ,c9GWVNU-V_E,638.0 x 360.0,1012,25,25300,2023-03-21,53.96,697,280,5366,33982
330,Gebärdensprachvideo： Unterstützung im Kampf gegen Rechts­extre­mis­mus und Hass­kriminalität ,FPAzhYA86-Y,640.0 x 360.0,4611,25,115275,2023-03-21,184.91,849,648,10619,66044
331,Gebärdensprachvideo： Untersuchungsausschuss zur Treuhandanstalt ,2u9v-1mF8bc,640.0 x 360.0,4272,25,106800,2023-03-21,228.77,1635,603,11750,70536
332,Gebärdensprachvideo： Vereinbarte Debatte - Vorgeburtliche genetische Bluttests ,hJ6lfeTBACY,640.0 x 360.0,7580,25,189500,2023-03-21,398.94,1726,986,19489,117521
333,Gebärdensprachvideo： Vereinbarte Debatte aus Anlass des Anschlags auf die Synagoge in Halle ,u6-7T33BLcE,1280.0 x 720.0,4940,25,123500,2023-03-21,600.01,1098,726,13778,79455
334,Gebärdensprachvideo： Vereinbarte Debatte zu Organspenden ,Q8t20aF100I,640.0 x 360.0,10425,25,260625,2023-03-21,534.78,3422,1521,27365,167619
335,Gebärdensprachvideo： Vereinbarte Debatte： Klimaschutzprogramm 2030 ,Wsjiemd9Eyo,640.0 x 360.0,5525,25,138125,2023-03-21,304.15,1104,785,13719,81785
336,Gebärdensprachvideo： Vereinfachung des Zollverfahrens ,Sy0TVmVAXQk,640.0 x 360.0,3817,25,95425,2023-03-21,146.1,1285,512,10383,63424
337,Gebärdensprachvideo： Vorbild­funktion des Bundes am Bau stärken ,eG0KTgtd2Oc,640.0 x 360.0,4799,25,119975,2023-03-21,250.33,869,680,10690,67380
338,Gebärdensprachvideo： Vorgehen gegen kriminelle Clans ,2-zxc9gFeiM,640.0 x 360.0,4092,25,102300,2023-03-21,219.24,1543,662,11103,69250
339,Gebärdensprachvideo： Wahl der Bundeskanzlerin ,Zv7BUAjdPGM,638.0 x 360.0,3272.04,25,81801,2023-03-21,111.92,79,48,756,4601
340,Gebärdensprachvideo： Wahl eines Richters des Bundesverfassungsgerichts ,n-YemyNuLqY,640.0 x 360.0,1652.56,25,41314,2023-03-21,70.2,131,73,1317,8131
341,Gebärdensprachvideo： Was die EU zur Eindäm­mung der Corona-Pan­de­mie unter­nehmen sollte ,3bumzHfx31s,640.0 x 360.0,2781,25,69525,2023-03-21,123.19,583,411,6925,42427
342,Gebärdensprachvideo： Weg frei für schnellere Termin­vergabe für Patienten ,K0VaTfSQa8k,640.0 x 360.0,4755,25,118875,2023-03-21,255.47,1613,757,12394,76743
343,Gebärdensprachvideo： Weitere Be­teiligung der Bundes­wehr an UN-Mission in Mali debattiert ,c_VF62HGowI,640.0 x 360.0,2582,25,64550,2023-03-21,138.28,601,312,6713,41049
344,Gebärdensprachvideo： Weiteres Vor­gehen in der Corona-Krise beraten ,oDoFJEXw9CU,640.0 x 360.0,2420,25,60500,2023-03-21,162.93,494,332,5932,36446
345,Gebärdensprachvideo： Wenig Zustimmung für Grünen-Antrag zur Trans­formation der Industrie ,lVeTeP-xEXo,1280.0 x 720.0,4441,25,111025,2023-03-21,592.46,1196,664,10719,67927
346,Gebärdensprachvideo： Wie Betrieb­sräte vor Mitbestimmungs­gegnern geschützt werden können ,S1Cqp69x0mg,640.0 x 360.0,4161,25,104025,2023-03-21,224.61,809,606,9823,61584
347,Gebärdensprachvideo： Opposition fordert mehr  Mieterschutz ,0KnCVu8oh04,640.0 x 360.0,6186.16,25,154654,2023-03-21,337.11,1509,928,15960,95020
348,Gebärdensprachvideo： Organspende ,E6F0lLSAhlA,640.0 x 360.0,8172,25,204300,2023-03-21,438.1,2356,1318,20969,127164
349,Gebärdensprachvideo： Rafał Dutkiewicz zum Volkstrauertag： Europa ist die Zukunft ,78S7KcyPiKw,1280.0 x 720.0,3588,25,89700,2023-03-21,442.51,316,198,3795,22947
350,Gebärdensprachvideo： Regierung will Weiter­bildungs- und Qualifi­zie­rungsberatung stärken ,1utf9B8bDxA,640.0 x 360.0,4359,25,108975,2023-03-21,172.72,1156,793,11504,70778
351,Gebärdensprachvideo： Schäuble-Appell und Musterfeststellungsklage ,WvxI0V-CwJQ,640.0 x 360.0,3648,25,91200,2023-03-21,149.49,1059,485,9233,57643
352,Gebärdensprachvideo： Suche nach Endlager für Atommüll ,5LIAwfkrYso,640.0 x 360.0,5894.16,25.00016966,147355,2023-03-21,306.54,1393,710,14487,89359
353,Gebärdensprachvideo： Verbot von Werk­ver­trägen und Leih­arbeit in Fleisch­fabriken beraten ,TJFLk6160r8,640.0 x 360.0,5516.84,25,137921,2023-03-21,299.85,1071,787,12892,81755
354,Gebärdensprachvideo： Wiedereinführung der Meisterpflicht ,J1IWnGypbFI,638.0 x 360.0,4519.92,25,112998,2023-03-21,233.19,1099,734,11880,72277
355,Gebärdensprachvideo： Zukunft des Gen­technik-Standorts Deutschland im Bundestag erörtert ,7dFAksaLghw,640.0 x 360.0,4648,25,116200,2023-03-21,246.76,906,613,10868,66660
356,Gebärdensprachvideo： Zustimmung zu weiterer Friedens­mission in der Region Darfur ,qjP6poJ5VNI,640.0 x 360.0,2162,25,54050,2023-03-21,87.87,415,292,5087,32399
357,"Gebärdensprachvideo： Änderung des GG - Bildung, Bau, Verkehr ",zqMh2VcDeyA,640.0 x 360.0,7611,25,190275,2023-03-21,319.21,2395,1159,18835,114207
358,Gebärdensprachvideo： Änderung des Transplantationsgesetzes ,38qpHUcLugc,640.0 x 360.0,4541,25,113525,2023-03-21,174.54,1393,571,11174,71069
359,"Gebärdensprachvideo： Änderungen im Zivil-, In­sol­venz- und Straf­ver­fah­rens­recht angenommen ",E3bDCdVHrEk,640.0 x 360.0,2826,25,70650,2023-03-21,154.27,577,423,7019,43957
360,Gebärdensprachvideo： „KI-Systeme werden Einfluss auf alle Lebensbereiche nehmen“ ,ip0BeWo05z4,640.0 x 360.0,4412.8,25,110320,2023-03-21,238.51,882,548,10855,66699
361,Gärdensprachvideo： Bundestag regelt Ausschlüsse vom Wahlrecht neu ,S5Xp2vA8jbg,1280.0 x 720.0,1800,25,45000,2023-03-21,250.51,612,280,4471,27974
362,Heftige Kritik der Opposition an GKV-Finanz­stabilisierungs­gesetz ,0jSWpdU-dbQ,1280.0 x 720.0,5448,25,136200,2023-03-21,670.4,1497,810,13426,84588
363,Inge Auerbacher： Die Krankheit des Judenhasses muss geheilt werden ,e4jEnoR5ea0,1280.0 x 720.0,5114,25,127850,2023-03-21,791.57,769,408,5997,36103
364,Isaac Herzog： Die Zukunft muss uns beiden gehören ,xL_zROaQOjo,1280.0 x 720.0,2521.8,25,63045,2023-03-21,331.26,574,229,4755,29520
365,Ja zu Aufbau­fonds für Flut­gebiete und Infek­tions­schutzgesetz-Änderungen ,HFZ74ozz-wg,1280.0 x 720.0,5680,25,142000,2023-03-21,803.19,1414,754,12973,81132
366,Jahressteuergesetz 2022 erstmals beraten ,gcYn11nu37M,1280.0 x 720.0,2644,25,66100,2023-03-21,329.79,727,407,6610,42338
367,Kanzler Scholz zur Ukrai­ne： Wir helfen in umfang­reicher Art und Weise ,E5ToVnbHePQ,1280.0 x 720.0,14832.72,25,370818,2023-03-21,2088.09,3662,1835,33957,209599
368,Keine Unterstützung für Unionsantrag zu Klimaaktivisten ,5Son5ucIMxM,1280.0 x 720.0,5482,25,137050,2023-03-21,738.26,1487,779,13728,85125
369,Kontroverse Debatte zu Befugnissen der Bundespolizei ,YZjUFbvYUnc,1280.0 x 720.0,4614.44,25,115361,2023-03-21,549.55,1242,619,10961,70657
370,Kontroverse um den zweiten Nachtrag zum Bundes­haushalt 2021 ,-b_ZkjT3r8U,1280.0 x 720.0,6902,25,172550,2023-03-21,882.31,1309,669,11651,73761
371,Kritik an schwammigen Zielen der Digitalstrategie ,JvNgWiviXVs,1280.0 x 720.0,5172,25,129300,2023-03-21,680.19,1356,736,12175,75918
372,Letzter Schlagabtausch im Bundestag zur Si­tuation in Deutsch­land ,v1mhxp079CI,1280.0 x 720.0,13340,25,333500,2023-03-21,1111.53,3423,1706,32161,194563
373,Merkel zu Corona-Prognosen： Das Erreichte darf nicht riskiert werden ,_BMDlZhC9Lk,1280.0 x 720.0,4262,25,106550,2023-03-21,613.78,1209,588,11216,68669
374,Merkel： Nationale Allein­gänge in der EU dürfen sich nicht wiederholen ,gPUhdQN9oK8,1280.0 x 720.0,5996,25,149900,2023-03-21,686.82,1470,681,13097,82810
375,Oppositionsantrag gegen höhere Erbschaftsteuer abgelehnt ,bnMyMZxdnqo,1280.0 x 720.0,5136.12,25,128403,2023-03-21,597.03,1407,738,13130,80735
376,Oppositionsanträge zur Inklusion in der Arbeits­welt abgelehnt ,0kjQBM71j8k,1280.0 x 720.0,2846,25,71150,2023-03-21,388.84,783,404,7173,44811
377,Oppositionsanträge zur Unterstützung der Raffinerie PCK Schwedt beraten ,jyql8WNq_8E,1280.0 x 720.0,5168.72,25,129218,2023-03-21,665.2,1328,722,12511,77126
378,Oppositionsführer Merz wirft Kanzler Scholz in Generalaus­sprache Wortbruch vor ,FsXSnZAag6s,1280.0 x 720.0,14620.12,25,365503,2023-03-21,1855.82,3696,1866,34507,213199
379,Re­akti­vierung des Wirt­schaftsstabilisierungs­fonds beraten ,NYviOJQ_R9A,1280.0 x 720.0,3026,25,75650,2023-03-21,357.95,753,394,7069,43927
380,Scharfe Kritik der Oppo­si­tion an Sicher­heits­be­hörden im Fall Anis Amri ,C5hJdtHA7t8,1280.0 x 720.0,4518,25,112950,2023-03-21,528.71,1083,546,10495,67479
381,"Studierenden-Energiepreis­pauschale beschlossen, Strom- und Gaspreisbremse erörtert ",bftfi1Dm1ZU,1280.0 x 720.0,5172.04,25,129301,2023-03-21,629.33,1356,836,12583,76632
382,Wehrbeauftragte： 2021 war das Jahr der Bundeswehr ,-uM6CrjgoOQ,1280.0 x 720.0,5704,25,142600,2023-03-21,681.23,1442,726,13290,83274
383,Werbeverbot für Schwangerschaftsabbrüche gestrichen ,2PASc5G9gZY,1280.0 x 720.0,5834,25,145850,2023-03-21,814.71,1344,747,12797,79460
384,Wie Wirtschaftspolitik den Wohlstand sichern kann ,9Eiqh6glu4U,1280.0 x 720.0,4716,25,117900,2023-03-21,681.61,1306,753,11944,74409
385,„Übergewinnsteuer“ stößt bei Mehrheit der Fraktionen auf Ablehnung ,4s0Wdze8w5M,1280.0 x 720.0,4356.12,25,108903,2023-03-21,582.8,1190,576,10802,67705
386,Gebärdensprachvideo： Wie die Transparenz­re­gelungen für Abgeordnete verbessert werden können ,DP8kaOzV_TE,1280.0 x 720.0,5282,25,132050,2023-03-21,703.73,1372,736,12981,79327
387,Initiativen zur Corona-Impfpflicht fallen im Bundestag durch ,YmHF5ZNtCqQ,1280.0 x 720.0,16720,25,418000,2023-03-21,2451.69,2787,1506,25567,154935
388,Kontroverse Debatte um Inflations­ausgleich ,diVZfoqDYCY,1280.0 x 720.0,4738,25,118450,2023-03-21,586.38,1334,724,12061,74002
,,,,,,,,,,,,
,,,,525,,,,,,251249,4532510,27774296
,,,,,,,,,,,,
