ID,Video Name,Release Date,Webpage URL,Video URL,Resolution,Video Length,FPS,Number of Frames,Date of Acquisition,File Size,Subtitles,Sentences,Tokens,Characters
1,heute journal-heute journal vom 18. Juni 2022 (Gebärdensprache)-0774370780,2022-06-18,https://www.zdf.de/nachrichten/heute-journal/heute-journal-vom-18-juni-2022-100.html,https://rodlzdf-a.akamaihd.net/none/zdf/22/06/220618_2245_sendung_hjo_dgs/1/220618_2245_sendung_hjo_dgs_2360k_p35v15.mp4,460.0 x 524.0,"847,08",25,21177,08/01/2022,52.77,259,147,1927,12849
2,heute journal-heute journal vom 19. Juni 2022 (Gebärdensprache)-1380200344,2022-06-19,https://www.zdf.de/nachrichten/heute-journal/heute-journal-vom-19-juni-2022-100.html,https://rodlzdf-a.akamaihd.net/none/zdf/22/06/220619_2145_sendung_hjo_dgs/1/220619_2145_sendung_hjo_dgs_2360k_p35v15.mp4,460.0 x 524.0,1703,25,42575,08/01/2022,116.65,500,290,3616,24612
3,heute journal-heute journal vom 20. Juni 2022 (Gebärdensprache)-0940206506,2022-06-20,https://www.zdf.de/nachrichten/heute-journal/heute-journal-vom-20-juni-2022-100.html,https://rodlzdf-a.akamaihd.net/none/zdf/22/06/220620_2210_sendung_hjo_dgs/1/220620_2210_sendung_hjo_dgs_2360k_p35v15.mp4,460.0 x 524.0,"1760,04",25,44001,08/01/2022,105.08,585,340,4007,27507
4,heute journal-heute journal vom 21. Juni 2022 (Gebärdensprache)-1797647318,2022-06-21,https://www.zdf.de/nachrichten/heute-journal/heute-journal-vom-21-juni-2022-100.html,https://rodlzdf-a.akamaihd.net/none/zdf/22/06/220621_2145_sendung_hjo_dgs/1/220621_2145_sendung_hjo_dgs_2360k_p35v15.mp4,460.0 x 524.0,"1859,64",25,46491,08/01/2022,109.86,571,306,3851,27075
5,heute journal-heute journal vom 22. Juni 2022 (Gebärdensprache)-0628650648,2022-06-22,https://www.zdf.de/nachrichten/heute-journal/heute-journal-vom-22-juni-2022-100.html,https://rodlzdf-a.akamaihd.net/none/zdf/22/06/220622_2145_sendung_hjo_dgs/1/220622_2145_sendung_hjo_dgs_2360k_p35v15.mp4,460.0 x 524.0,"1692,16",25,42304,08/01/2022,104.35,478,288,3367,23204
6,heute journal-heute journal vom 23. Juni 2022 (Gebärdensprache)-0978767914,2022-06-23,https://www.zdf.de/nachrichten/heute-journal/heute-journal-vom-23-juni-2022-100.html,https://rodlzdf-a.akamaihd.net/none/zdf/22/06/220623_2145_sendung_hjo_dgs/5/220623_2145_sendung_hjo_dgs_2360k_p35v15.mp4,460.0 x 524.0,"1801,4",25,45035,08/01/2022,106.16,588,326,4088,27556
7,heute journal-heute journal vom 24. Juni 2022 (Gebärdensprache)-0056133220,2022-06-24,https://www.zdf.de/nachrichten/heute-journal/heute-journal-vom-24-juni-2022-100.html,https://rodlzdf-a.akamaihd.net/none/zdf/22/06/220624_2200_sendung_hjo_dgs/1/220624_2200_sendung_hjo_dgs_2360k_p35v15.mp4,460.0 x 524.0,"1839,36",25,45984,08/01/2022,108.99,561,325,3942,27354
8,heute journal-heute journal vom 25. Juni 2022 (Gebärdensprache)-0209395564,2022-06-25,https://www.zdf.de/nachrichten/heute-journal/heute-journal-vom-25-juni-2022-100.html,https://rodlzdf-a.akamaihd.net/none/zdf/22/06/220625_2315_sendung_hjo_dgs/1/220625_2315_sendung_hjo_dgs_2360k_p35v15.mp4,460.0 x 524.0,"899,32",25,22483,08/01/2022,51.92,274,143,1847,12723
9,heute journal-heute journal vom 26. Juni 2022 (Gebärdensprache)-0247631264,2022-06-26,https://www.zdf.de/nachrichten/heute-journal/heute-journal-vom-26-juni-2022-100.html,https://rodlzdf-a.akamaihd.net/none/zdf/22/06/220626_2145_sendung_hjo_dgs/1/220626_2145_sendung_hjo_dgs_2360k_p35v15.mp4,460.0 x 524.0,"1800,8",25,45020,08/01/2022,103.75,477,266,3444,23000
10,heute journal-heute journal vom 27. Juni 2022 (Gebärdensprache)-0921365406,2022-06-27,https://www.zdf.de/nachrichten/heute-journal/heute-journal-vom-27-juni-2022-100.html,https://rodlzdf-a.akamaihd.net/none/zdf/22/06/220627_2145_sendung_hjo_dgs/1/220627_2145_sendung_hjo_dgs_2360k_p35v15.mp4,460.0 x 524.0,"1676,12",25,41903,08/01/2022,108.85,508,246,3420,23618
11,heute journal-heute journal vom 28. Juni 2022 (Gebärdensprache)-2090362076,2022-06-28,https://www.zdf.de/nachrichten/heute-journal/heute-journal-vom-28-juni-2022-100.html,https://rodlzdf-a.akamaihd.net/none/zdf/22/06/220628_2145_sendung_hjo_dgs/1/220628_2145_sendung_hjo_dgs_2360k_p35v15.mp4,460.0 x 524.0,"1767,2",25,44180,08/01/2022,106.16,542,294,3774,25516
12,heute journal-heute journal vom 29. Juni 2022 (Gebärdensprache)-1035608550,2022-06-29,https://www.zdf.de/nachrichten/heute-journal/heute-journal-vom-29-juni-2022-100.html,https://rodlzdf-a.akamaihd.net/none/zdf/22/06/220629_2145_sendung_hjo_dgs/1/220629_2145_sendung_hjo_dgs_2360k_p35v15.mp4,460.0 x 524.0,"1801,2",25,45030,08/01/2022,107.06,607,334,4022,28007
13,heute journal-heute journal vom 30. Juni 2022 (Gebärdensprache)-1087485586,2022-06-30,https://www.zdf.de/nachrichten/heute-journal/heute-journal-vom-30-juni-2022-100.html,https://rodlzdf-a.akamaihd.net/none/zdf/22/06/220630_2145_sendung_hjo_dgs/1/220630_2145_sendung_hjo_dgs_2360k_p35v15.mp4,460.0 x 524.0,"1833,4",25,45835,08/01/2022,112.07,516,292,3495,24217
14,heute journal-heute journal vom 1. Juli 2022 (Gebärdensprache)-1603685883,2022-07-01,https://www.zdf.de/nachrichten/heute-journal/heute-journal-vom-1-juli-2022-100.html,https://rodlzdf-a.akamaihd.net/none/zdf/22/07/220701_2200_sendung_hjo_dgs/1/220701_2200_sendung_hjo_dgs_2360k_p35v15.mp4,460.0 x 524.0,"1856,6",25,46415,08/01/2022,115.59,583,327,4124,28489
15,heute journal-heute journal vom 2. Juli 2022 (Gebärdensprache)-1450423539,2022-07-02,https://www.zdf.de/nachrichten/heute-journal/heute-journal-vom-2-juli-2022-100.html,https://rodlzdf-a.akamaihd.net/none/zdf/22/07/220702_2315_sendung_hjo_dgs/1/220702_2315_sendung_hjo_dgs_2360k_p35v15.mp4,460.0 x 524.0,"869,2",25,21730,08/01/2022,54.19,247,155,1730,11824
16,heute journal-heute journal vom 3. Juli 2022 (Gebärdensprache)-1907450367,2022-07-03,https://www.zdf.de/nachrichten/heute-journal/heute-journal-vom-3-juli-2022-100.html,https://rodlzdf-a.akamaihd.net/none/zdf/22/07/220703_2145_sendung_hjo_dgs/1/220703_2145_sendung_hjo_dgs_2360k_p35v15.mp4,460.0 x 524.0,"1586,36",25,39659,08/01/2022,110.58,464,240,3297,22590
17,heute journal-heute journal vom 4. Juli 2022 (Gebärdensprache)-0738453697,2022-07-04,https://www.zdf.de/nachrichten/heute-journal/heute-journal-vom-4-juli-2022-100.html,https://rodlzdf-a.akamaihd.net/none/zdf/22/07/220704_2145_sendung_hjo_dgs/1/220704_2145_sendung_hjo_dgs_2360k_p35v15.mp4,460.0 x 524.0,"1727,48",25,43187,08/01/2022,99,494,310,3512,23973
18,heute journal-heute journal vom 5. Juli 2022 (Gebärdensprache)-0430542973,2022-07-05,https://www.zdf.de/nachrichten/heute-journal/heute-journal-vom-5-juli-2022-100.html,https://rodlzdf-a.akamaihd.net/none/zdf/22/07/220705_2145_sendung_hjo_dgs/1/220705_2145_sendung_hjo_dgs_2360k_p35v15.mp4,460.0 x 524.0,"1703,28",25,42582,08/01/2022,113.46,474,248,3244,22375
19,heute journal-heute journal vom 6. Juli 2022 (Gebärdensprache)-1599539643,2022-07-06,https://www.zdf.de/nachrichten/heute-journal/heute-journal-vom-6-juli-2022-100.html,https://rodlzdf-a.akamaihd.net/none/zdf/22/07/220706_2145_sendung_hjo_dgs/1/220706_2145_sendung_hjo_dgs_2360k_p35v15.mp4,460.0 x 524.0,"1738,96",25,43474,08/01/2022,101.08,541,293,3655,24973
20,heute journal-heute journal vom 7. Juli 2022 (Gebärdensprache)-0261338313,2022-07-07,https://www.zdf.de/nachrichten/heute-journal/heute-journal-vom-7-juli-2022-100.html,https://rodlzdf-a.akamaihd.net/none/zdf/22/07/220707_2155_sendung_hjo_dgs/1/220707_2155_sendung_hjo_dgs_2360k_p35v15.mp4,460.0 x 524.0,"1707,64",25,42691,08/01/2022,104.84,507,281,3706,24922
21,heute journal-heute journal vom 8. Juli 2022 (Gebärdensprache)-0357434313,2022-07-08,https://www.zdf.de/nachrichten/heute-journal/heute-journal-vom-8-juli-2022-100.html,https://rodlzdf-a.akamaihd.net/none/zdf/22/07/220708_2145_sendung_hjo_dgs/1/220708_2145_sendung_hjo_dgs_2360k_p35v15.mp4,460.0 x 524.0,"586,2",25,14655,08/01/2022,37.3,178,104,1228,8533
22,heute journal-heute journal vom 9. Juli 2022 (Gebärdensprache)-1374729463,2022-07-09,https://www.zdf.de/nachrichten/heute-journal/heute-journal-vom-9-juli-2022-100.html,https://rodlzdf-a.akamaihd.net/none/zdf/22/07/220709_2245_sendung_hjo_dgs/1/220709_2245_sendung_hjo_dgs_2360k_p35v15.mp4,460.0 x 524.0,"927,6",25,23190,08/01/2022,56.07,283,180,1940,13578
23,heute journal-heute journal vom 11. Juli 2022 (Gebärdensprache)-1928681991,2022-07-11,https://www.zdf.de/nachrichten/heute-journal/heute-journal-vom-11-juli-2022-102.html,https://rodlzdf-a.akamaihd.net/none/zdf/22/07/220711_2145_sendung_hjo_dgs/1/220711_2145_sendung_hjo_dgs_2360k_p35v15.mp4,460.0 x 524.0,"603,68",25,15092,08/01/2022,38.11,192,114,1319,9054
24,heute journal-heute journal vom 13. Juli 2022 (Gebärdensprache)-0028291965,2022-07-13,https://www.zdf.de/nachrichten/heute-journal/heute-journal-vom-13-juli-2022-100.html,https://rodlzdf-a.akamaihd.net/none/zdf/22/07/220713_2145_sendung_hjo_dgs/1/220713_2145_sendung_hjo_dgs_2360k_p35v15.mp4,460.0 x 524.0,"603,64",25,15091,08/01/2022,34.45,198,113,1289,9074
25,heute journal-heute journal vom 14. Juli 2022 (Gebärdensprache)-1140704705,2022-07-14,https://www.zdf.de/nachrichten/heute-journal/heute-journal-vom-14-juli-2022-100.html,https://rodlzdf-a.akamaihd.net/none/zdf/22/07/220714_2145_sendung_hjo_dgs/1/220714_2145_sendung_hjo_dgs_2360k_p35v15.mp4,460.0 x 524.0,"1732,76",25,43319,08/01/2022,114.14,524,332,3634,24729
26,heute journal-heute journal vom 15. Juli 2022 (Gebärdensprache)-0656491903,2022-07-15,https://www.zdf.de/nachrichten/heute-journal/heute-journal-vom-15-juli-2022-100.html,https://rodlzdf-a.akamaihd.net/none/zdf/22/07/220715_2200_sendung_hjo_dgs/1/220715_2200_sendung_hjo_dgs_2360k_p35v15.mp4,460.0 x 524.0,"1855,72",25,46393,08/01/2022,108.16,561,327,3867,26823
27,heute journal-heute journal vom 16. Juli 2022 (Gebärdensprache)-0816269251,2022-07-16,https://www.zdf.de/nachrichten/heute-journal/heute-journal-vom-16-juli-2022-100.html,https://rodlzdf-a.akamaihd.net/none/zdf/22/07/220716_2145_sendung_hjo_dgs/1/220716_2145_sendung_hjo_dgs_2360k_p35v15.mp4,460.0 x 524.0,603,25,15075,08/01/2022,34.21,176,95,1168,8021
28,heute journal-heute journal vom 17. Juli 2022 (Gebärdensprache)-1974496608,2022-07-17,https://www.zdf.de/nachrichten/heute-journal/heute-journal-vom-17-juli-2022-100.html,https://rodlzdf-a.akamaihd.net/none/zdf/22/07/220717_2145_sendung_hjo_dgs/6/220717_2145_sendung_hjo_dgs_2360k_p35v15.mp4,460.0 x 524.0,1692,25,42300,08/01/2022,104.08,473,270,3164,21857
29,heute journal-heute journal vom 18. Juli 2022 (Gebärdensprache)-1521724089,2022-07-18,https://www.zdf.de/nachrichten/heute-journal/heute-journal-vom-18-juli-2022-100.html,https://rodlzdf-a.akamaihd.net/none/zdf/22/07/220718_2145_sendung_hjo_dgs/1/220718_2145_sendung_hjo_dgs_2360k_p35v15.mp4,460.0 x 524.0,"1825,36",25,45634,08/01/2022,114.5,548,320,3818,26606
30,heute journal-heute journal vom 19. Juli 2022 (Gebärdensprache)-1604246537,2022-07-19,https://www.zdf.de/nachrichten/heute-journal/heute-journal-vom-19-juli-2022-100.html,https://rodlzdf-a.akamaihd.net/none/zdf/22/07/220719_2145_sendung_hjo_dgs/1/220719_2145_sendung_hjo_dgs_2360k_p35v15.mp4,460.0 x 524.0,"1777,92",25,44448,08/01/2022,104.08,510,287,3513,23969
31,heute journal-heute journal vom 20. Juli 2022 (Gebärdensprache)-1354338477,2022-07-20,https://www.zdf.de/nachrichten/heute-journal/heute-journal-vom-20-juli-2022-100.html,https://rodlzdf-a.akamaihd.net/none/zdf/22/07/220720_2149_sendung_hjo_dgs/1/220720_2149_sendung_hjo_dgs_2360k_p35v15.mp4,460.0 x 524.0,"641,48",25,16037,08/01/2022,40.52,193,115,1297,8790
32,heute journal-heute journal vom 21. Juli 2022 (Gebärdensprache)-0076040203,2022-07-21,https://www.zdf.de/nachrichten/heute-journal/heute-journal-vom-21-juli-2022-100.html,https://rodlzdf-a.akamaihd.net/none/zdf/22/07/220721_2245_sendung_hjo_dgs/1/220721_2245_sendung_hjo_dgs_2360k_p35v15.mp4,460.0 x 524.0,"1720,68",25,43017,08/01/2022,89.4,545,296,4006,26527
33,heute journal-heute journal vom 22. Juli 2022 (Gebärdensprache)-1245036873,2022-07-22,https://www.zdf.de/nachrichten/heute-journal/heute-journal-vom-22-juli-2022-104.html,https://rodlzdf-a.akamaihd.net/none/zdf/22/07/220722_2245_sendung_hjo_dgs/1/220722_2245_sendung_hjo_dgs_2360k_p35v15.mp4,460.0 x 524.0,"1842,36",25,46059,08/01/2022,102.61,550,308,3875,26490
34,heute journal-heute journal vom 23. Juli 2022 (Gebärdensprache)-1880933753,2022-07-23,https://www.zdf.de/nachrichten/heute-journal/heute-journal-vom-23-juli-2022-100.html,https://rodlzdf-a.akamaihd.net/none/zdf/22/07/220723_2245_sendung_hjo_dgs/1/220723_2245_sendung_hjo_dgs_2360k_p35v15.mp4,460.0 x 524.0,"545,84",25,13646,08/01/2022,35.09,156,101,1111,7681
35,heute journal-heute journal vom 24. Juli 2022 (Gebärdensprache)-1275104189,2022-07-24,https://www.zdf.de/nachrichten/heute-journal/heute-journal-vom-24-juli-2022-100.html,https://rodlzdf-a.akamaihd.net/none/zdf/22/07/220724_2145_sendung_hjo_dgs/1/220724_2145_sendung_hjo_dgs_2360k_p35v15.mp4,460.0 x 524.0,"1810,16",25,45254,08/01/2022,100.16,518,285,3559,24296
36,heute journal-heute journal vom 25. Juli 2022 (Gebärdensprache)-0106107519,2022-07-25,https://www.zdf.de/nachrichten/heute-journal/heute-journal-vom-25-juli-2022-100.html,https://rodlzdf-a.akamaihd.net/none/zdf/22/07/220725_2145_sendung_hjo_dgs/1/220725_2145_sendung_hjo_dgs_2360k_p35v15.mp4,460.0 x 524.0,"1841,36",25,46034,08/01/2022,102.35,517,286,3588,24555
37,heute journal-heute journal vom 26. Juli 2022 (Gebärdensprache)-1606054647,2022-07-26,https://www.zdf.de/nachrichten/heute-journal/heute-journal-vom-26-juli-2022-100.html,https://rodlzdf-a.akamaihd.net/none/zdf/22/07/220726_2315_sendung_hjo_dgs/1/220726_2315_sendung_hjo_dgs_2360k_p35v15.mp4,460.0 x 524.0,"1824,48",25,45612,08/01/2022,112.44,584,323,4027,27167
38,heute journal-heute journal vom 27. Juli 2022 (Gebärdensprache)-0278122267,2022-07-27,https://www.zdf.de/nachrichten/heute-journal/heute-journal-vom-27-juli-2022-100.html,https://rodlzdf-a.akamaihd.net/none/zdf/22/07/220727_2145_sedung_hjo_dgs/1/220727_2145_sedung_hjo_dgs_2360k_p35v15.mp4,460.0 x 524.0,"589,24",25,14731,08/01/2022,37.41,191,102,1258,8976
39,heute journal-heute journal vom 28. Juli 2022 (Gebärdensprache)-0894084805,2022-07-28,https://www.zdf.de/nachrichten/heute-journal/heute-journal-vom-28-juli-2022-100.html,https://rodlzdf-a.akamaihd.net/none/zdf/22/07/220728_2145_sendung_hjo_dgs/1/220728_2145_sendung_hjo_dgs_2360k_p35v15.mp4,460.0 x 524.0,"1770,28",25,44257,08/01/2022,109.82,540,313,3752,25274
40,heute journal-heute journal vom 29. Juli 2022 (Gebärdensprache)-1378297607,2022-07-29,https://www.zdf.de/nachrichten/heute-journal/heute-journal-vom-29-juli-2022-100.html,https://rodlzdf-a.akamaihd.net/none/zdf/22/07/220729_2200_sendung_hjo_dgs/1/220729_2200_sendung_hjo_dgs_2360k_p35v15.mp4,460.0 x 524.0,"611,16",25,15279,08/01/2022,40.16,181,111,1178,8290
41,heute journal-heute journal vom 30. Juli 2022 (Gebärdensprache)-0786201935,2022-07-30,https://www.zdf.de/nachrichten/heute-journal/heute-journal-vom-30-juli-2022-100.html,https://rodlzdf-a.akamaihd.net/none/zdf/22/07/220730_2245_sendung_hjo_dgs/1/220730_2245_sendung_hjo_dgs_2360k_p35v15.mp4,460.0 x 524.0,"909,08",25,22727,08/01/2022,60.92,249,139,1702,11863
42,heute journal-heute journal vom 31. Juli 2022 (Gebärdensprache)-1392031499,2022-07-31,https://www.zdf.de/nachrichten/heute-journal/heute-journal-vom-31-juli-2022-100.html,https://rodlzdf-a.akamaihd.net/none/zdf/22/07/220731_2145_sendung_hjo_dgs/1/220731_2145_sendung_hjo_dgs_2360k_p35v15.mp4,460.0 x 524.0,"1752,72",25,43818,08/01/2022,113.41,496,285,3501,24168
43,heute journal-heute journal vom 1. August 2022 (Gebärdensprache)-1360044004,2022-08-01,https://www.zdf.de/nachrichten/heute-journal/heute-journal-vom-1-august-2022-100.html,https://rodlzdf-a.akamaihd.net/none/zdf/22/08/220801_2145_sendung_hjo_dgs/1/220801_2145_sendung_hjo_dgs_2360k_p35v15.mp4,460.0 x 524.0,"1759,44",25,43986,08/01/2022,115.78,535,306,3614,24719
44,heute journal-heute journal vom 2. August 2022 (Gebärdensprache)-1765926622,2022-08-02,https://www.zdf.de/nachrichten/heute-journal/heute-journal-vom-2-august-2022-100.html,https://rodlzdf-a.akamaihd.net/none/zdf/22/08/220802_2145_sendung_hjo_dgs/1/220802_2145_sendung_hjo_dgs_2360k_p35v15.mp4,460.0 x 524.0,"1694,16",25,42354,08/01/2022,113.32,509,302,3462,24061
45,heute journal-heute journal vom 3. August 2022 (Gebärdensprache)-0596929952,2022-08-03,https://www.zdf.de/nachrichten/heute-journal/heute-journal-vom-3-august-2022-100.html,https://rodlzdf-a.akamaihd.net/none/zdf/22/08/220803_2145_sendung_hjo_dgs/1/220803_2145_sendung_hjo_dgs_2360k_p35v15.mp4,460.0 x 524.0,"1577,24",25,39431,08/01/2022,88.96,472,269,3276,22257
46,heute journal-heute journal vom 4. August 2022 (Gebärdensprache)-0572066718,2022-08-04,https://www.zdf.de/nachrichten/heute-journal/heute-journal-vom-4-august-2022-100.html,https://rodlzdf-a.akamaihd.net/none/zdf/22/08/220804_2145_sendung_hjo_dgs/1/220804_2145_sendung_hjo_dgs_2360k_p35v15.mp4,460.0 x 524.0,1793,25,44825,08/01/2022,122.18,529,313,3493,24456
47,heute journal-heute journal vom 5. August 2022 (Gebärdensprache)-0087853916,2022-08-05,https://www.zdf.de/nachrichten/heute-journal/heute-journal-vom-5-august-2022-100.html,https://rodlzdf-a.akamaihd.net/none/zdf/22/08/220805_2200_sendung_hjo_dgs/1/220805_2200_sendung_hjo_dgs_2360k_p35v15.mp4,460.0 x 524.0,"1714,08",25,42852,08/01/2022,96.09,504,293,3599,24618
48,heute journal-heute journal vom 6. August 2022 (Gebärdensprache)-0241116260,2022-08-06,https://www.zdf.de/nachrichten/heute-journal/heute-journal-vom-6-august-2022-100.html,https://rodlzdf-a.akamaihd.net/none/zdf/22/08/220806_2315_sendung_hjo_dgs/1/220806_2315_sendung_hjo_dgs_2360k_p35v15.mp4,460.0 x 524.0,"792,16",25,19804,08/01/2022,45.48,218,129,1544,10711
49,heute journal-heute journal vom 7. August 2022 (Gebärdensprache)-0215910568,2022-08-07,https://www.zdf.de/nachrichten/heute-journal/heute-journal-vom-7-august-2022-100.html,https://rodlzdf-a.akamaihd.net/none/zdf/22/08/220807_2145_sendung_hjo_dgs/1/220807_2145_sendung_hjo_dgs_2360k_p35v15.mp4,460.0 x 524.0,"1689,44",25,42236,08/01/2022,108.99,456,256,3139,21830
50,heute journal-heute journal vom 8. August 2022 (Gebärdensprache)-0953086102,2022-08-08,https://www.zdf.de/nachrichten/heute-journal/heute-journal-vom-8-august-2022-102.html,https://rodlzdf-a.akamaihd.net/none/zdf/22/08/220808_2145_sendung_hjo_dgs/1/220808_2145_sendung_hjo_dgs_2360k_p35v15.mp4,460.0 x 524.0,"1709,44",25,42736,08/01/2022,94.8,533,307,3607,24900
51,heute journal-heute journal vom 9. August 2022 (Gebärdensprache)-2122082772,2022-08-09,https://www.zdf.de/nachrichten/heute-journal/heute-journal-vom-9-august-2022-100.html,https://rodlzdf-a.akamaihd.net/none/zdf/22/08/220809_2145_sendung_hjo_dgs/1/220809_2145_sendung_hjo_dgs_2360k_p35v15.mp4,460.0 x 524.0,"1810,64",25,45266,08/01/2022,128.4,547,346,3629,25104
52,heute journal-heute journal vom 10. August 2022 (Gebärdensprache)-2070205736,2022-08-10,https://www.zdf.de/nachrichten/heute-journal/heute-journal-vom-10-august-2022-100.html,https://rodlzdf-a.akamaihd.net/none/zdf/22/08/220810_2145_sendung_hjo_dgs/1/220810_2145_sendung_hjo_dgs_2360k_p35v15.mp4,460.0 x 524.0,"1718,72",25,42968,08/01/2022,112.95,526,298,3761,25577
53,heute journal-heute journal vom 11. August 2022 (Gebärdensprache)-1443881692,2022-08-11,https://www.zdf.de/nachrichten/heute-journal/heute-journal-vom-11-august-2022-100.html,https://rodlzdf-a.akamaihd.net/none/zdf/22/08/220811_2210_sendung_hjo_dgs/1/220811_2210_sendung_hjo_dgs_2360k_p35v15.mp4,460.0 x 524.0,"1725,24",25,43131,08/01/2022,108.15,534,312,3535,24786
54,heute journal-heute journal vom 12. August 2022 (Gebärdensprache)-1680109546,2022-08-12,https://www.zdf.de/nachrichten/heute-journal/heute-journal-vom-12-august-2022-100.html,https://rodlzdf-a.akamaihd.net/none/zdf/22/08/220812_2159_sendung_hjo_dgs/1/220812_2159_sendung_hjo_dgs_2360k_p35v15.mp4,460.0 x 524.0,"1892,92",25,47323,08/01/2022,98.1,567,336,3933,27486
55,heute journal-heute journal vom 13. August 2022 (Gebärdensprache)-1845395556,2022-08-13,https://www.zdf.de/nachrichten/heute-journal/heute-journal-vom-13-august-2022-100.html,https://rodlzdf-a.akamaihd.net/none/zdf/22/08/220813_2245_sendung_hjo_dgs/1/220813_2245_sendung_hjo_dgs_2360k_p35v15.mp4,460.0 x 524.0,"930,36",25,23259,08/01/2022,60.37,277,175,1999,13662
56,heute journal-heute journal vom 14. August 2022 (Gebärdensprache)-1843742176,2022-08-14,https://www.zdf.de/nachrichten/heute-journal/heute-journal-vom-14-august-2022-100.html,https://rodlzdf-a.akamaihd.net/none/zdf/22/08/220814_2145_sendung_hjo_dgs/1/220814_2145_sendung_hjo_dgs_2360k_p35v15.mp4,460.0 x 524.0,"1636,32",25,40908,08/01/2022,106.96,507,275,3806,25384
57,heute journal-heute journal vom 15. August 2022 (Gebärdensprache)-1562551594,2022-08-15,https://www.zdf.de/nachrichten/heute-journal/heute-journal-vom-15-august-2022-100.html,https://rodlzdf-a.akamaihd.net/none/zdf/22/08/220815_2240_sendung_hjo_dgs/1/220815_2240_sendung_hjo_dgs_2360k_p35v15.mp4,460.0 x 524.0,"1671,68",25,41792,08/01/2022,86.91,511,286,3570,24882
58,heute journal-heute journal vom 16. August 2022 (Gebärdensprache)-0494251164,2022-08-16,https://www.zdf.de/nachrichten/heute-journal/heute-journal-vom-16-august-2022-100.html,https://rodlzdf-a.akamaihd.net/none/zdf/22/08/220816_2145_sendung_hjo_dgs/1/220816_2145_sendung_hjo_dgs_2360k_p35v15.mp4,460.0 x 524.0,"1818,52",25,45463,08/01/2022,105.28,551,284,3830,26159
59,heute journal-heute journal vom 17. August 2022 (Gebärdensprache)-0775441746,2022-08-17,https://www.zdf.de/nachrichten/heute-journal/heute-journal-vom-17-august-2022-100.html,https://rodlzdf-a.akamaihd.net/none/zdf/22/08/220817_2240_sendung_hjo_dgs/1/220817_2240_sendung_hjo_dgs_2360k_p35v15.mp4,460.0 x 524.0,"1762,84",25,44071,08/01/2022,105.85,531,316,3627,25227
60,heute journal-heute journal vom 18. August 2022 (Gebärdensprache)-2100746074,2022-08-18,https://www.zdf.de/nachrichten/heute-journal/heute-journal-vom-18-august-2022-100.html,https://rodlzdf-a.akamaihd.net/none/zdf/22/08/220818_2157_sendung_hjo_dgs/1/220818_2157_sendung_hjo_dgs_2360k_p35v15.mp4,460.0 x 524.0,1749,25,43725,08/01/2022,106.05,493,264,3491,24839
61,heute journal-heute journal vom 19. August 2022 (Gebärdensprache)-1440032137,2022-08-19,https://www.zdf.de/nachrichten/heute-journal/heute-journal-vom-19-august-2022-100.html,https://rodlzdf-a.akamaihd.net/de/zdf/22/08/220819_2240_sendung_hjo_dgs/1/220819_2240_sendung_hjo_dgs_2360k_p35v15.mp4,460.0 x 524.0,"1753,52",25,43838,08/01/2022,112.49,504,279,3578,24790
62,heute journal-heute journal vom 20. August 2022 (Gebärdensprache)-0217563948,2022-08-20,https://www.zdf.de/nachrichten/heute-journal/heute-journal-vom-20-august-2022-100.html,https://rodlzdf-a.akamaihd.net/none/zdf/22/08/220820_2245_sendung_hjo_dgs/1/220820_2245_sendung_hjo_dgs_2360k_p35v15.mp4,460.0 x 524.0,"905,56",25,22639,08/01/2022,61.74,249,132,1824,12481
63,heute journal-heute journal vom 21. August 2022 (Gebärdensprache)-0823393512,2022-08-21,https://www.zdf.de/nachrichten/heute-journal/heute-journal-vom-21-august-2022-100.html,https://rodlzdf-a.akamaihd.net/none/zdf/22/08/220821_2145_sendung_hjo_dgs/1/220821_2145_sendung_hjo_dgs_2360k_p35v15.mp4,460.0 x 524.0,"1689,12",25,42228,08/01/2022,95.91,493,261,3458,23553
64,heute journal-heute journal vom 22. August 2022 (Gebärdensprache)-1992390182,2022-08-22,https://www.zdf.de/nachrichten/heute-journal/heute-journal-vom-22-august-2022-100.html,https://rodlzdf-a.akamaihd.net/none/zdf/22/08/220822_2145_sendung_hjo_dgs/1/220822_2145_sendung_hjo_dgs_2360k_p35v15.mp4,460.0 x 524.0,"1751,16",25,43779,08/01/2022,117.25,556,335,3840,26039
65,heute journal-heute journal vom 23. August 2022 (Gebärdensprache)-1133580444,2022-08-23,https://www.zdf.de/nachrichten/heute-journal/heute-journal-vom-23-august-2022-100.html,https://rodlzdf-a.akamaihd.net/none/zdf/22/08/220823_2145_sendung_hjo_dgs/1/220823_2145_sendung_hjo_dgs_2360k_p35v15.mp4,460.0 x 524.0,"1701,76",25,42544,08/01/2022,114.47,524,306,3683,25611
66,heute journal-heute journal vom 24. August 2022 (Gebärdensprache)-0035416226,2022-08-24,https://www.zdf.de/nachrichten/heute-journal/heute-journal-vom-24-august-2022-100.html,https://rodlzdf-a.akamaihd.net/none/zdf/22/08/220824_2145_sendung_hjo_dgs/1/220824_2145_sendung_hjo_dgs_2360k_p35v15.mp4,460.0 x 524.0,"1727,24",25,43181,08/01/2022,112.46,542,280,3904,26676
67,heute journal-heute journal vom 25. August 2022 (Gebärdensprache)-1002176618,2022-08-25,https://www.zdf.de/nachrichten/heute-journal/heute-journal-vom-25-august-2022-100.html,https://rodlzdf-a.akamaihd.net/none/zdf/22/08/220825_2205_sendung_hjo_dgs/1/220825_2205_sendung_hjo_dgs_2360k_p35v15.mp4,460.0 x 524.0,"1707,72",25,42693,08/01/2022,103.27,505,241,3509,24467
68,heute journal-heute journal vom 26. August 2022 (Gebärdensprache)-0720200094,2022-08-26,https://www.zdf.de/nachrichten/heute-journal/heute-journal-vom-26-august-2022-100.html,https://rodlzdf-a.akamaihd.net/none/zdf/22/08/220826_2200_sendung_hjo_dgs/1/220826_2200_sendung_hjo_dgs_2360k_p35v15.mp4,460.0 x 524.0,"1765,64",25,44141,08/01/2022,122.86,513,311,3561,24612
69,heute journal-heute journal vom 27. August 2022 (Gebärdensprache)-1807197146,2022-08-27,https://www.zdf.de/nachrichten/heute-journal/heute-journal-vom-27-august-2022-100.html,https://rodlzdf-a.akamaihd.net/none/zdf/22/08/220827_2243_sendung_hjo_dgs/1/220827_2243_sendung_hjo_dgs_2360k_p35v15.mp4,460.0 x 524.0,"921,92",25,23048,08/01/2022,64.93,257,152,1739,11983
70,heute journal-heute journal vom 28. August 2022 (Gebärdensprache)-0416435610,2022-08-28,https://www.zdf.de/nachrichten/heute-journal/heute-journal-vom-28-august-2022-100.html,https://rodlzdf-a.akamaihd.net/none/zdf/22/08/220828_2145_sendung_hjo_dgs/1/220828_2145_sendung_hjo_dgs_2360k_p35v15.mp4,460.0 x 524.0,"1655,32",25,41383,08/01/2022,124.79,519,317,3753,25826
71,heute journal-heute journal vom 29. August 2022 (Gebärdensprache)-1585432280,2022-08-29,https://www.zdf.de/nachrichten/heute-journal/heute-journal-vom-29-august-2022-100.html,https://rodlzdf-a.akamaihd.net/none/zdf/22/08/220829_2145_sendung_hjo_dgs/1/220829_2145_sendung_hjo_dgs_2360k_p35v15.mp4,460.0 x 524.0,1718,25,42950,08/01/2022,119.56,532,299,3784,25719
72,heute journal-heute journal vom 30. August 2022 (Gebärdensprache)-1182510620,2022-08-30,https://www.zdf.de/nachrichten/heute-journal/heute-journal-vom-30-august-2022-100.html,https://rodlzdf-a.akamaihd.net/none/zdf/22/08/220830_2130_sendung_hjo_dgs/1/220830_2130_sendung_hjo_dgs_2360k_p35v15.mp4,460.0 x 524.0,"610,28",25,15257,08/01/2022,44.5,187,99,1301,8989
73,heute journal-heute journal vom 31. August 2022 (Gebärdensprache)-1592415382,2022-08-31,https://www.zdf.de/nachrichten/heute-journal/heute-journal-vom-31-august-2022-100.html,https://rodlzdf-a.akamaihd.net/none/zdf/22/08/220831_2145_sendung_hjo_dgs/1/220831_2145_sendung_hjo_dgs_2360k_p35v15.mp4,460.0 x 524.0,"1969,88",25,49247,08/01/2022,113.75,590,306,4120,27714
74,heute journal-heute journal vom 1. September 2022 (Gebärdensprache)-1624402877,2022-09-01,https://www.zdf.de/nachrichten/heute-journal/heute-journal-vom-1-september-2022-100.html,https://rodlzdf-a.akamaihd.net/none/zdf/22/09/220901_2145_sendung_hjo_dgs/1/220901_2145_sendung_hjo_dgs_2360k_p35v15.mp4,460.0 x 524.0,"1846,32",25,46158,08/01/2022,138.43,522,293,3626,25446
75,heute journal-heute journal vom 2. September 2022 (Gebärdensprache)-2108615679,2022-09-02,https://www.zdf.de/nachrichten/heute-journal/heute-journal-vom-2-september-2022-100.html,https://rodlzdf-a.akamaihd.net/none/zdf/22/09/220902_2200_sendung_hjo_dgs/1/220902_2200_sendung_hjo_dgs_2360k_p35v15.mp4,460.0 x 524.0,"1828,4",25,45710,08/01/2022,121.04,567,291,3867,26517
76,heute journal-heute journal vom 3. September 2022 (Gebärdensprache)-1276757569,2022-09-03,https://www.zdf.de/nachrichten/heute-journal/heute-journal-vom-3-september-2022-100.html,https://rodlzdf-a.akamaihd.net/none/zdf/22/09/220903_2245_sendung_hjo_dgs/1/220903_2245_sendung_hjo_dgs_2360k_p35v15.mp4,460.0 x 524.0,"937,92",25,23448,08/01/2022,58.31,260,167,1762,11882
77,heute journal-heute journal vom 4. September 2022 (Gebärdensprache)-1882587133,2022-09-04,https://www.zdf.de/nachrichten/heute-journal/heute-journal-vom-4-september-2022-100.html,https://rodlzdf-a.akamaihd.net/none/zdf/22/09/220904_2145_sendung_hjo_dgs/1/220904_2145_sendung_hjo_dgs_2360k_p35v15.mp4,460.0 x 524.0,"1640,08",25,41002,08/01/2022,116.67,511,278,3277,22393
78,heute journal-heute journal vom 5. September 2022 (Gebärdensprache)-1243383493,2022-09-05,https://www.zdf.de/nachrichten/heute-journal/heute-journal-vom-5-september-2022-100.html,https://rodlzdf-a.akamaihd.net/none/zdf/22/09/220905_2145_sendung_hjo_dgs/1/220905_2145_sendung_hjo_dgs_2360k_p35v15.mp4,460.0 x 524.0,"1753,4",25,43835,08/01/2022,127.58,562,319,4013,27245
79,heute journal-heute journal vom 6. September 2022 (Gebärdensprache)-0074386823,2022-09-06,https://www.zdf.de/nachrichten/heute-journal/heute-journal-vom-6-september-2022-100.html,https://rodlzdf-a.akamaihd.net/none/zdf/22/09/220906_2145_sendung_hjo_dgs/1/220906_2145_sendung_hjo_dgs_2360k_p35v15.mp4,460.0 x 524.0,"1849,76",25,46244,08/01/2022,124.47,581,330,3911,26671
80,heute journal-heute journal vom 7. September 2022 (Gebärdensprache)-1094609847,2022-09-07,https://www.zdf.de/nachrichten/heute-journal/heute-journal-vom-7-september-2022-100.html,https://rodlzdf-a.akamaihd.net/none/zdf/22/09/220907_2145_sendung_hjo_dgs/1/220907_2145_sendung_hjo_dgs_2360k_p35v15.mp4,460.0 x 524.0,"1691,08",25,42277,08/01/2022,120.02,535,310,3551,25107
81,heute journal-heute journal vom 8. September 2022 (Gebärdensprache)-0027792729,2022-09-08,https://www.zdf.de/nachrichten/heute-journal/heute-journal-vom-8-september-2022-100.html,https://rodlzdf-a.akamaihd.net/none/zdf/22/09/220908_sendung_hjo_dgs/1/220908_sendung_hjo_dgs_2360k_p35v15.mp4,460.0 x 524.0,"2009,92",25,50248,08/01/2022,135.03,537,331,3779,25124
82,heute journal-heute journal vom 9. September 2022 (Gebärdensprache)-1779393715,2022-09-09,https://www.zdf.de/nachrichten/heute-journal/heute-journal-vom-9-september-2022-100.html,https://rodlzdf-a.akamaihd.net/none/zdf/22/09/220909_2200_sendung_hjo_dgs/1/220909_2200_sendung_hjo_dgs_2360k_p35v15.mp4,460.0 x 524.0,"2064,12",25,51603,08/01/2022,125.52,572,338,3992,27298
83,heute journal-heute journal vom 10. September 2022 (Gebärdensprache)-0711782353,2022-09-10,https://www.zdf.de/nachrichten/heute-journal/heute-journal-vom-10-september-2022-100.html,https://rodlzdf-a.akamaihd.net/none/zdf/22/09/220910_2315_sendung_hjo_dgs/1/220910_2315_sendung_hjo_dgs_2360k_p35v15.mp4,460.0 x 524.0,"915,04",25,22876,08/01/2022,72.45,263,137,1856,12780
84,heute journal-heute journal vom 12. September 2022 (Gebärdensprache)-1423752195,2022-09-12,https://www.zdf.de/nachrichten/heute-journal/heute-journal-vom-12-september-2022-100.html,https://rodlzdf-a.akamaihd.net/none/zdf/22/09/220912_2145_sendung_hjo_dgs/1/220912_2145_sendung_hjo_dgs_2360k_p35v15.mp4,460.0 x 524.0,"1682,24",25,42056,08/01/2022,115.54,509,283,3467,24318
85,heute journal-heute journal vom 13. September 2022 (Gebärdensprache)-1702218431,2022-09-13,https://www.zdf.de/nachrichten/heute-journal/heute-journal-vom-13-september-2022-100.html,https://rodlzdf-a.akamaihd.net/none/zdf/22/09/220913_2145_sendung_hjo_dgs/1/220913_2145_sendung_hjo_dgs_2360k_p35v15.mp4,460.0 x 524.0,"1869,92",25,46748,08/01/2022,113.31,564,318,3941,27294
86,heute journal-heute journal vom 14. September 2022 (Gebärdensprache)-0029945345,2022-09-14,https://www.zdf.de/nachrichten/heute-journal/heute-journal-vom-14-september-2022-100.html,https://rodlzdf-a.akamaihd.net/none/zdf/22/09/220914_2245_sendung_hjo_dgs/1/220914_2245_sendung_hjo_dgs_2360k_p35v15.mp4,460.0 x 524.0,"1727,28",25,43182,08/01/2022,117.37,557,295,3971,27181
87,heute journal-heute journal vom 15. September 2022 (Gebärdensprache)-0635774909,2022-09-15,https://www.zdf.de/nachrichten/heute-journal/heute-journal-vom-15-september-2022-100.html,https://rodlzdf-a.akamaihd.net/none/zdf/22/09/220915_2145_sendung_hjo_dgs/1/220915_2145_sendung_hjo_dgs_2360k_p35v15.mp4,460.0 x 524.0,"1723,6",25,43090,08/01/2022,129.21,506,275,3549,24603
88,heute journal-heute journal vom 16. September 2022 (Gebärdensprache)-0151562107,2022-09-16,https://www.zdf.de/nachrichten/heute-journal/heute-journal-vom-16-september-2022-100.html,https://rodlzdf-a.akamaihd.net/none/zdf/22/09/220916_2200_sendung_hjo_dgs/1/220916_2200_sendung_hjo_dgs_2360k_p35v15.mp4,460.0 x 524.0,"1810,36",25,45259,08/01/2022,114.49,453,267,3131,21466
89,heute journal-heute journal vom 17. September 2022 (Gebärdensprache)-0758031941,2022-09-17,https://www.zdf.de/nachrichten/heute-journal/heute-journal-vom-17-september-2022-100.html,https://rodlzdf-a.akamaihd.net/none/zdf/22/09/220917_2245_sendung_hjo_dgs/1/220917_2245_sendung_hjo_dgs_2360k_p35v15.mp4,460.0 x 524.0,"903,88",25,22597,08/01/2022,61.33,273,171,1763,11910
90,heute journal-heute journal vom 18. September 2022 (Gebärdensprache)-0152202377,2022-09-18,https://www.zdf.de/nachrichten/heute-journal/heute-journal-vom-18-september-2022-100.html,https://rodlzdf-a.akamaihd.net/none/zdf/22/09/220918_2145_sendung_hjo_dgs/1/220918_2145_sendung_hjo_dgs_2360k_p35v15.mp4,460.0 x 524.0,"1851,84",25,46296,08/01/2022,123.87,543,308,3855,26448
91,heute journal-heute journal vom 19. September 2022 (Gebärdensprache)-1016794293,2022-09-19,https://www.zdf.de/nachrichten/heute-journal/heute-journal-vom-19-september-2022-100.html,https://rodlzdf-a.akamaihd.net/none/zdf/22/09/220919_2145_sendung_hjo_dgs/1/220919_2145_sendung_hjo_dgs_2360k_p35v15.mp4,460.0 x 524.0,"1828,6",25,45715,08/01/2022,122.18,521,286,3583,24154
92,heute journal-heute journal vom 20. September 2022 (Gebärdensprache)-0964917257,2022-09-20,https://www.zdf.de/nachrichten/heute-journal/heute-journal-vom-20-september-2022-100.html,https://rodlzdf-a.akamaihd.net/none/zdf/22/09/220920_2145_sendung_hjo_dgs/1/220920_2145_sendung_hjo_dgs_2360k_p35v15.mp4,460.0 x 524.0,"1736,12",25,43403,08/01/2022,96.65,511,253,3744,26054
93,heute journal-heute journal vom 21. September 2022 (Gebärdensprache)-0253227399,2022-09-21,https://www.zdf.de/nachrichten/heute-journal/heute-journal-vom-21-september-2022-102.html,https://rodlzdf-a.akamaihd.net/none/zdf/22/09/220921_2156_sendung_hjo_dgs/1/220921_2156_sendung_hjo_dgs_2360k_p35v15.mp4,460.0 x 524.0,"1716,44",25,42911,08/01/2022,106.68,504,270,3558,23709
94,heute journal-heute journal vom 22. September 2022 (Gebärdensprache)-0992056699,2022-09-22,https://www.zdf.de/nachrichten/heute-journal/heute-journal-vom-22-september-2022-100.html,https://rodlzdf-a.akamaihd.net/none/zdf/22/09/220922_2145_sendung_hjo_dgs/1/220922_2145_sendung_hjo_dgs_2360k_p35v15.mp4,460.0 x 524.0,"1708,44",25,42711,08/01/2022,113.45,533,302,3802,25947
95,heute journal-heute journal vom 23. September 2022 (Gebärdensprache)-1755841403,2022-09-23,https://www.zdf.de/nachrichten/heute-journal/heute-journal-vom-23-september-2022-100.html,https://rodlzdf-a.akamaihd.net/none/zdf/22/09/220923_2130_sendung_hjo_dgs/1/220923_2130_sendung_hjo_dgs_2360k_p35v15.mp4,460.0 x 524.0,"580,64",25,14516,08/01/2022,37.69,172,104,1198,8469
96,heute journal-heute journal vom 24. September 2022 (Gebärdensprache)-1323007157,2022-09-24,https://www.zdf.de/nachrichten/heute-journal/heute-journal-vom-24-september-2022-100.html,https://rodlzdf-a.akamaihd.net/none/zdf/22/09/220924_2315_sendung_hjo_dgs/1/220924_2315_sendung_hjo_dgs_2360k_p35v15.mp4,460.0 x 524.0,"947,96",25,23699,08/01/2022,55.05,292,166,2012,14081
97,heute journal-heute journal vom 25. September 2022 (Gebärdensprache)-1780033985,2022-09-25,https://www.zdf.de/nachrichten/heute-journal/heute-journal-vom-25-september-2022-100.html,https://rodlzdf-a.akamaihd.net/none/zdf/22/09/220925_2145_sendung_hjo_dgs/1/220925_2145_sendung_hjo_dgs_2360k_p35v15.mp4,460.0 x 524.0,"1806,32",25,45158,08/01/2022,103.39,504,311,3567,24477
98,heute journal-heute journal vom 26. September 2022 (Gebärdensprache)-0611037315,2022-09-26,https://www.zdf.de/nachrichten/heute-journal/heute-journal-vom-26-september-2022-100.html,https://rodlzdf-a.akamaihd.net/none/zdf/22/09/220926_2145_sendung_hjo_dgs/1/220926_2145_sendung_hjo_dgs_2360k_p35v15.mp4,460.0 x 524.0,"1784,68",25,44617,08/01/2022,118.73,535,297,3743,25380
99,heute journal-heute journal vom 27. September 2022 (Gebärdensprache)-0557959355,2022-09-27,https://www.zdf.de/nachrichten/heute-journal/heute-journal-vom-27-september-2022-100.html,https://rodlzdf-a.akamaihd.net/none/zdf/22/09/220927_2145_sendung_hjo_dgs/1/220927_2145_sendung_hjo_dgs_2360k_p35v15.mp4,460.0 x 524.0,"1750,96",25,43774,08/01/2022,107.39,525,313,3544,24526
100,heute journal-heute journal vom 28. September 2022 (Gebärdensprache)-1726956025,2022-09-28,https://www.zdf.de/nachrichten/heute-journal/heute-journal-vom-28-september-2022-100.html,https://rodlzdf-a.akamaihd.net/none/zdf/22/09/220928_2145_sendung_hjo_dgs/1/220928_2145_sendung_hjo_dgs_2360k_p35v15.mp4,460.0 x 524.0,"1827,48",25,45687,08/01/2022,120.25,581,342,3939,26851
101,heute journal-heute journal vom 29. September 2022 (Gebärdensprache)-1399014601,2022-09-29,https://www.zdf.de/nachrichten/heute-journal/heute-journal-vom-29-september-2022-100.html,https://rodlzdf-a.akamaihd.net/none/zdf/22/09/220929_2145_sendung_hjo_dgs/1/220929_2145_sendung_hjo_dgs_2360k_p35v15.mp4,460.0 x 524.0,"2031,56",25,50789,08/01/2022,133.21,636,348,4366,29414
102,heute journal-heute journal vom 30. September 2022 (Gebärdensprache)-0689820341,2022-09-30,https://www.zdf.de/nachrichten/heute-journal/heute-journal-vom-30-september-2022-100.html,https://rodlzdf-a.akamaihd.net/none/zdf/22/09/220930_2211_sendung_hjo_dgs/1/220930_2211_sendung_hjo_dgs_2360k_p35v15.mp4,460.0 x 524.0,"1933,92",25,48348,08/01/2022,134.31,575,332,4065,27260
103,heute journal-heute journal vom 1. Oktober 2022 (Gebärdensprache)-0347200111,2022-10-01,https://www.zdf.de/nachrichten/heute-journal/heute-journal-vom-1-oktober-2022-100.html,https://rodlzdf-a.akamaihd.net/none/zdf/22/10/221001_2300_sendung_hjo_dgs/1/221001_2300_sendung_hjo_dgs_2360k_p35v15.mp4,460.0 x 524.0,"921,8",25,23045,08/01/2022,58.15,257,136,1773,12312
104,heute journal-heute journal vom 2. Oktober 2022 (Gebärdensprache)-1688728149,2022-10-02,https://www.zdf.de/nachrichten/heute-journal/heute-journal-vom-2-oktober-2022-100.html,https://rodlzdf-a.akamaihd.net/none/zdf/22/10/221002_2145_sendung_hjo_dgs/1/221002_2145_sendung_hjo_dgs_2360k_p35v15.mp4,460.0 x 524.0,"1753,72",25,43843,08/01/2022,130.36,523,303,3807,25173
105,heute journal-heute journal vom 3. Oktober 2022 (Gebärdensprache)-0519731479,2022-10-03,https://www.zdf.de/nachrichten/heute-journal/heute-journal-vom-3-oktober-2022-100.html,https://rodlzdf-a.akamaihd.net/none/zdf/22/10/221003_2145_sendung_hjo_dgs/1/221003_2145_sendung_hjo_dgs_2360k_p35v15.mp4,460.0 x 524.0,900,25,22500,08/01/2022,60.85,253,137,1754,12234
106,heute journal-heute journal vom 4. Oktober 2022 (Gebärdensprache)-0649265191,2022-10-04,https://www.zdf.de/nachrichten/heute-journal/heute-journal-vom-4-oktober-2022-100.html,https://rodlzdf-a.akamaihd.net/none/zdf/22/10/221004_2145_sendung_hjo_dgs/1/221004_2145_sendung_hjo_dgs_2360k_p35v15.mp4,460.0 x 524.0,"1735,84",25,43396,08/01/2022,105.29,491,283,3389,23414
107,heute journal-heute journal vom 5. Oktober 2022 (Gebärdensprache)-1002944675,2022-10-05,https://www.zdf.de/nachrichten/heute-journal/heute-journal-vom-5-oktober-2022-100.html,https://rodlzdf-a.akamaihd.net/none/zdf/22/10/221005_sendung_hjo_dgs/1/221005_sendung_hjo_dgs_2360k_p35v15.mp4,460.0 x 524.0,"1716,96",25,42924,08/01/2022,126.27,525,309,3546,24454
108,heute journal-heute journal vom 06.10.2022 (Gebärdensprache)-1307708765,2022-10-06,https://www.zdf.de/nachrichten/heute-journal/heute-journal-vom-6-oktober-2022-102.html,https://rodlzdf-a.akamaihd.net/none/zdf/22/10/221006_2145_sendung_hjo_dgs/1/221006_2145_sendung_hjo_dgs_2360k_p35v15.mp4,460.0 x 524.0,"1813,32",25,45333,08/01/2022,125.54,556,283,3794,25868
109,heute journal-heute journal vom 7. Oktober 2022 (Gebärdensprache)-1791921567,2022-10-07,https://www.zdf.de/nachrichten/heute-journal/heute-journal-vom-7-oktober-2022-100.html,https://rodlzdf-a.akamaihd.net/none/zdf/22/10/221007_2200_sendung_hjo_dgs/1/221007_2200_sendung_hjo_dgs_2360k_p35v15.mp4,460.0 x 524.0,"1711,56",25,42789,08/01/2022,112.14,497,286,3463,23838
110,heute journal-heute journal vom 8. Oktober 2022 (Gebärdensprache)-1593451681,2022-10-08,https://www.zdf.de/nachrichten/heute-journal/heute-journal-vom-8-oktober-2022-100.html,https://rodlzdf-a.akamaihd.net/none/zdf/22/10/221008_2245_sendung_hjo_dgs/1/221008_2245_sendung_hjo_dgs_2360k_p35v15.mp4,460.0 x 524.0,"870,64",25,21766,08/01/2022,62.96,276,146,1882,13075
111,heute journal-heute journal - Wahl in Niedersachsen vom 9. Oktober 2022 (Gebärdensprache)-209568,2022-10-09,https://www.zdf.de/nachrichten/heute-journal/heute-journal---wahl-in-niedersachsen-vom-9-oktober-2022-100.html,https://rodlzdf-a.akamaihd.net/none/zdf/22/10/221009_2145_sendung_hjo_dgs/1/221009_2145_sendung_hjo_dgs_2360k_p35v15.mp4,460.0 x 524.0,"1818,84",25,45471,08/01/2022,106.66,496,308,3368,22996
112,heute journal-heute journal vom 10. Oktober 2022 (Gebärdensprache)-2147404209,2022-10-10,https://www.zdf.de/nachrichten/heute-journal/heute-journal-vom-10-oktober-2022-100.html,https://rodlzdf-a.akamaihd.net/none/zdf/22/10/221010_2145_sendung_hjo_dgs/1/221010_2145_sendung_hjo_dgs_2360k_p35v15.mp4,460.0 x 524.0,"1445,08",25,36127,08/01/2022,99.06,420,220,2926,20191
113,heute journal-heute journal vom 11. Oktober 2022 (Gebärdensprache)-0978566417,2022-10-11,https://www.zdf.de/nachrichten/heute-journal/heute-journal-vom-11-oktober-2022-100.html,https://rodlzdf-a.akamaihd.net/none/zdf/22/10/221011_2145_sendung_hjo_dgs/1/221011_2145_sendung_hjo_dgs_2360k_p35v15.mp4,460.0 x 524.0,"1732,08",25,43302,08/01/2022,110.2,504,283,3569,24304
114,heute journal-heute journal vom 12. Oktober 2022 (Gebärdensprache)-0190430253,2022-10-12,https://www.zdf.de/nachrichten/heute-journal/heute-journal-vom-12-oktober-2022-100.html,https://rodlzdf-a.akamaihd.net/none/zdf/22/10/221012_2145_sendung_hjo_dgs/1/221012_2145_sendung_hjo_dgs_2360k_p35v15.mp4,460.0 x 524.0,"1667,88",25,41697,08/01/2022,103.89,474,269,3223,22452
115,heute journal-heute journal vom 13. Oktober 2022 (Gebärdensprache)-0217653763,2022-10-13,https://www.zdf.de/nachrichten/heute-journal/heute-journal-vom-13-oktober-2022-100.html,https://rodlzdf-a.akamaihd.net/none/zdf/22/10/221013_sendung_hjo_dgs/1/221013_sendung_hjo_dgs_2360k_p35v15.mp4,460.0 x 524.0,"1810,12",25,45253,08/01/2022,114.77,555,330,4025,27247
116,heute journal-heute journal vom 14. Oktober 2022 (Gebärdensprache)-0875214121,2022-10-14,https://www.zdf.de/nachrichten/heute-journal/heute-journal-vom-14-oktober-2022-100.html,https://rodlzdf-a.akamaihd.net/none/zdf/22/10/221014_2200_sendung_hjo_dgs/1/221014_2200_sendung_hjo_dgs_2360k_p35v15.mp4,460.0 x 524.0,"1855,88",25,46397,08/01/2022,119.06,563,274,3965,27194
117,heute journal-heute journal vom 15. Oktober 2022 (Gebärdensprache)-0034379927,2022-10-15,https://www.zdf.de/nachrichten/heute-journal/heute-journal-vom-15-oktober-2022-100.html,https://rodlzdf-a.akamaihd.net/none/zdf/22/10/221015_2245_sendung_hjo_dgs/1/221015_2245_sendung_hjo_dgs_2360k_p35v15.mp4,460.0 x 524.0,"890,52",25,22263,08/01/2022,51.6,270,140,1841,12587
118,heute journal-heute journal vom 16. Oktober 2022 (Gebärdensprache)-0571449637,2022-10-16,https://www.zdf.de/nachrichten/heute-journal/heute-journal-vom-16-oktober-2022-100.html,https://rodlzdf-a.akamaihd.net/none/zdf/22/10/221016_2145_sendung_hjo_dgs/1/221016_2145_sendung_hjo_dgs_2360k_p35v15.mp4,460.0 x 524.0,"1794,88",25,44872,08/01/2022,116.81,539,286,3763,25606
119,heute journal-heute journal vom 17. Oktober 2022 (Gebärdensprache)-1740446307,2022-10-17,https://www.zdf.de/nachrichten/heute-journal/heute-journal-vom-17-oktober-2022-100.html,https://rodlzdf-a.akamaihd.net/none/zdf/22/10/221017_2145_sendung_hjo_dgs/1/221017_2145_sendung_hjo_dgs_2360k_p35v15.mp4,460.0 x 524.0,"1811,44",25,45286,08/01/2022,121.76,565,331,3951,26962
120,heute journal-heute journal vom 18. Oktober 2022 (Gebärdensprache)-1385524319,2022-10-18,https://www.zdf.de/nachrichten/heute-journal/heute-journal-vom-18-oktober-2022-100.html,https://rodlzdf-a.akamaihd.net/none/zdf/22/10/221018_2145_sendung_hjo_dgs/1/221018_2145_sendung_hjo_dgs_2360k_p35v15.mp4,460.0 x 524.0,"1736,24",25,43406,08/01/2022,106.28,580,312,4026,27014
121,heute journal-heute journal vom 19. Oktober 2022 (Gebärdensprache)-1362373783,2022-10-19,https://www.zdf.de/nachrichten/heute-journal/heute-journal-vom-19-oktober-2022-100.html,https://rodlzdf-a.akamaihd.net/none/zdf/22/10/221019_2130_sendung_hjo_dgs/1/221019_2130_sendung_hjo_dgs_2360k_p35v15.mp4,460.0 x 524.0,"571,52",25,14288,08/01/2022,34.46,168,93,1104,7752
122,heute journal-heute journal vom 20. Oktober 2022 (Gebärdensprache)-0268404685,2022-10-20,https://www.zdf.de/nachrichten/heute-journal/heute-journal-vom-20-oktober-2022-100.html,https://rodlzdf-a.akamaihd.net/none/zdf/22/10/221020_2145_sendung_hjo_dgs/1/221020_2145_sendung_hjo_dgs_2360k_p35v15.mp4,460.0 x 524.0,"1896,52",25,47413,08/01/2022,123.42,629,355,4226,28830
123,heute journal-heute journal vom 21. Oktober 2022 (Gebärdensprache)-0752617487,2022-10-21,https://www.zdf.de/nachrichten/heute-journal/heute-journal-vom-21-oktober-2022-100.html,https://rodlzdf-a.akamaihd.net/none/zdf/22/10/221021_2200_sendung_hjo_dgs/1/221021_2200_sendung_hjo_dgs_2360k_p35v15.mp4,460.0 x 524.0,"1870,12",25,46753,08/01/2022,92.33,578,341,4069,27927
124,heute journal-heute journal vom 22. Oktober 2022 (Gebärdensprache)-0738204739,2022-10-22,https://www.zdf.de/nachrichten/heute-journal/heute-journal-vom-22-oktober-2022-100.html,https://rodlzdf-a.akamaihd.net/none/zdf/22/10/221022_sendung_hjo_dgs/1/221022_sendung_hjo_dgs_2360k_p35v15.mp4,460.0 x 524.0,"887,04",25,22176,08/01/2022,48.19,260,149,1873,12783
125,heute journal-heute journal vom 23. Oktober 2022 (Gebärdensprache)-1056381971,2022-10-23,https://www.zdf.de/nachrichten/heute-journal/heute-journal-vom-23-oktober-2022-100.html,https://rodlzdf-a.akamaihd.net/none/zdf/22/10/221023_2145_sendung_hjo_dgs/1/221023_2145_sendung_hjo_dgs_2360k_p35v15.mp4,460.0 x 524.0,1677,25,41925,08/01/2022,104.98,485,292,3335,23341
126,heute journal-heute journal vom 24. Oktober 2022 (Gebärdensprache)-1028678863,2022-10-24,https://www.zdf.de/nachrichten/heute-journal/heute-journal-vom-24-oktober-2022-100.html,https://rodlzdf-a.akamaihd.net/none/zdf/22/10/221024_2215_t_hjo_dgs/1/221024_2215_t_hjo_dgs_2360k_p35v15.mp4,460.0 x 524.0,"1906,72",25,47668,08/01/2022,102.8,540,305,3764,26584
127,heute journal-heute journal vom 25. Oktober 2022 (Gebärdensprache)-1281611369,2022-10-25,https://www.zdf.de/nachrichten/heute-journal/heute-journal-vom-25-oktober-2022-100.html,https://rodlzdf-a.akamaihd.net/none/zdf/22/10/221025_2145_sendung_hjo_dgs/1/221025_2145_sendung_hjo_dgs_2360k_p35v15.mp4,460.0 x 524.0,1784,25,44600,08/01/2022,130.68,519,272,3631,25212
128,heute journal-heute journal vom 26. Oktober 2022 (Gebärdensprache)-1844359257,2022-10-26,https://www.zdf.de/nachrichten/heute-journal/heute-journal-vom-26-oktober-2022-100.html,https://rodlzdf-a.akamaihd.net/none/zdf/22/10/221026_2145_sendung_hjo_dgs/1/221026_2145_sendung_hjo_dgs_2360k_p35v15.mp4,460.0 x 524.0,"1723,56",25,43089,08/01/2022,102.55,510,293,3457,24802
129,heute journal-heute journal vom 27. Oktober 2022 (Gebärdensprache)-1245019649,2022-10-27,https://www.zdf.de/nachrichten/heute-journal/heute-journal-vom-27-oktober-2022-100.html,https://rodlzdf-a.akamaihd.net/none/zdf/22/10/221027_2145_t_hjo_dgs/1/221027_2145_t_hjo_dgs_2360k_p35v15.mp4,460.0 x 524.0,"1801,48",25,45037,08/01/2022,120.33,513,289,3613,25274
130,heute journal-heute journal vom 28. Oktober 2022 (Gebärdensprache)-1159575389,2022-10-28,https://www.zdf.de/nachrichten/heute-journal/heute-journal-vom-28-oktober-2022-100.html,https://rodlzdf-a.akamaihd.net/none/zdf/22/10/221028_2200_sendung_hjo_dgs/1/221028_2200_sendung_hjo_dgs_2360k_p35v15.mp4,460.0 x 524.0,"1743,36",25,43584,08/01/2022,100.37,535,302,3695,25567
131,heute journal-heute journal vom 29. Oktober 2022 (Gebärdensprache)-1480872454,2022-10-29,https://www.zdf.de/nachrichten/heute-journal/heute-journal-vom-29-oktober-2022-100.html,https://rodlzdf-a.akamaihd.net/none/zdf/22/10/221029_2245_sendung_hjo_dgs/4/221029_2245_sendung_hjo_dgs_2360k_p35v15.mp4,460.0 x 524.0,"879,28",25,21982,08/01/2022,53.89,246,131,1712,12036
132,heute journal-heute journal vom 30. Oktober 2022 (Gebärdensprache)-0047086173,2022-10-30,https://www.zdf.de/nachrichten/heute-journal/heute-journal-vom-30-oktober-2022-100.html,https://rodlzdf-a.akamaihd.net/none/zdf/22/10/221030_sendung_hjo_dgs/1/221030_sendung_hjo_dgs_2360k_p35v15.mp4,460.0 x 524.0,"1797,16",25,44929,08/01/2022,108.39,520,303,3516,24296
133,heute journal-heute journal vom 31. Oktober 2022 (Gebärdensprache)-1515216909,2022-10-31,https://www.zdf.de/nachrichten/heute-journal/heute-journal-vom-31-oktober-2022-100.html,https://rodlzdf-a.akamaihd.net/none/zdf/22/10/221031_2145_sendung_hjo_dgs/1/221031_2145_sendung_hjo_dgs_2360k_p35v15.mp4,460.0 x 524.0,"1755,92",25,43898,08/01/2022,100.99,517,291,3733,25620
134,heute journal-heute journal vom 1. November 2022 (Gebärdensprache)-1598574794,2022-11-01,https://www.zdf.de/nachrichten/heute-journal/heute-journal-vom-1-november-2022-100.html,https://rodlzdf-a.akamaihd.net/none/zdf/22/11/221101_2144_sendung_hjo_dgs/1/221101_2144_sendung_hjo_dgs_2360k_p35v15.mp4,460.0 x 524.0,"1802,32",25,45058,08/01/2022,117.46,553,305,3918,27056
135,heute journal-heute journal vom 3. November 2022 (Gebärdensprache)-0790788936,2022-11-03,https://www.zdf.de/nachrichten/heute-journal/heute-journal-vom-3-november-2022-100.html,https://rodlzdf-a.akamaihd.net/none/zdf/22/11/221103_2145_sendung_hjo_dgs/1/221103_2145_sendung_hjo_dgs_2360k_p35v15.mp4,460.0 x 524.0,"1822,68",25,45567,08/01/2022,127.06,532,294,3676,25613
136,heute journal-heute journal vom 4. November 2022 (Gebärdensprache)-0306576134,2022-11-04,https://www.zdf.de/nachrichten/heute-journal/heute-journal-vom-4-november-2022-100.html,https://rodlzdf-a.akamaihd.net/none/zdf/22/11/221104_2200_sendung_hjo_dgs/1/221104_2200_sendung_hjo_dgs_2360k_p35v15.mp4,460.0 x 524.0,"1749,64",25,43741,08/01/2022,126.43,518,293,3488,24359
137,heute journal-heute journal vom 5. November 2022 (Gebärdensprache)-0459838478,2022-11-05,https://www.zdf.de/nachrichten/heute-journal/heute-journal-vom-5-november-2022-100.html,https://rodlzdf-a.akamaihd.net/none/zdf/22/11/221105_2315_sendung_hjo_dgs/1/221105_2315_sendung_hjo_dgs_2360k_p35v15.mp4,460.0 x 524.0,"984,24",25,24606,08/01/2022,59.39,296,166,1952,13578
138,heute journal-heute journal vom 6. November 2022 (Gebärdensprache)-0002811650,2022-11-06,https://www.zdf.de/nachrichten/heute-journal/heute-journal-vom-6-november-2022-100.html,https://rodlzdf-a.akamaihd.net/none/zdf/22/11/221106_2145_sendung_hjo_dgs/1/221106_2145_sendung_hjo_dgs_2360k_p35v15.mp4,460.0 x 524.0,"1682,56",25,42064,08/01/2022,101.92,467,268,3257,22257
139,heute journal-heute journal vom 7. November 2022 (Gebärdensprache)-1884765026,2022-11-07,https://www.zdf.de/nachrichten/heute-journal/heute-journal-vom-7-november-2022-100.html,https://rodlzdf-a.akamaihd.net/none/zdf/22/11/221107_sendung_hjo_dgs/1/221107_sendung_hjo_dgs_2360k_p35v15.mp4,460.0 x 524.0,"1725,32",25,43133,08/01/2022,96.87,518,280,3557,24639
140,heute journal-heute journal vom 8. November 2022 (Gebärdensprache)-1954162306,2022-11-08,https://www.zdf.de/nachrichten/heute-journal/heute-journal-vom-8-november-2022-100.html,https://rodlzdf-a.akamaihd.net/none/zdf/22/11/221108_2145_sendung_hjo_dgs/1/221108_2145_sendung_hjo_dgs_2360k_p35v15.mp4,460.0 x 524.0,"1809,92",25,45248,08/01/2022,112.24,511,265,3579,24409
141,heute journal-heute journal vom 9. November 2022 (Gebärdensprache)-0201481506,2022-11-09,https://www.zdf.de/nachrichten/heute-journal/heute-journal-vom-9-november-2022-100.html,https://rodlzdf-a.akamaihd.net/none/zdf/22/11/221109_sendung_hjo_dgs/1/221109_sendung_hjo_dgs_2360k_p35v15.mp4,460.0 x 524.0,"1672,64",25,41816,08/01/2022,94.28,431,238,3083,21062
142,heute journal-heute journal vom 10. November 2022 (Gebärdensprache)-0837042672,2022-11-10,https://www.zdf.de/nachrichten/heute-journal/heute-journal-vom-10-november-2022-100.html,https://rodlzdf-a.akamaihd.net/none/zdf/22/11/221110_2145_sendung_hjo_dgs/1/221110_2145_sendung_hjo_dgs_2360k_p35v15.mp4,460.0 x 524.0,"1758,28",25,43957,08/01/2022,124.11,500,302,3572,24559
143,heute journal-heute journal vom 11. November 2022 (Gebärdensprache)-1321255474,2022-11-11,https://www.zdf.de/nachrichten/heute-journal/heute-journal-vom-11-november-2022-100.html,https://rodlzdf-a.akamaihd.net/none/zdf/22/11/221111_2200_sendung_hjo_dgs/1/221111_2200_sendung_hjo_dgs_2360k_p35v15.mp4,460.0 x 524.0,"1808,68",25,45217,08/01/2022,127.96,511,320,3528,24743
144,heute journal-heute journal vom 12. November 2022 (Gebärdensprache)-0914929676,2022-11-12,https://www.zdf.de/nachrichten/heute-journal/heute-journal-vom-12-november-2022-100.html,https://rodlzdf-a.akamaihd.net/none/zdf/22/11/221112_2244_sendung_hjo_dgs/1/221112_2244_sendung_hjo_dgs_2360k_p35v15.mp4,460.0 x 524.0,"897,88",25,22447,08/01/2022,56.43,288,152,1864,13093
145,heute journal-heute journal vom 13. November 2022 (Gebärdensprache)-1625019958,2022-11-13,https://www.zdf.de/nachrichten/heute-journal/heute-journal-vom-13-november-2022-100.html,https://rodlzdf-a.akamaihd.net/none/zdf/22/11/221113_2145_sendung_hjo_dgs/1/221113_2145_sendung_hjo_dgs_2360k_p35v15.mp4,460.0 x 524.0,"1694,24",25,42356,08/01/2022,117.93,480,285,3452,23671
146,heute journal-heute journal vom 14. November 2022 (Gebärdensprache)-0144054244,2022-11-14,https://www.zdf.de/nachrichten/heute-journal/heute-journal-vom-14-november-2022-100.html,https://rodlzdf-a.akamaihd.net/none/zdf/22/11/221114_2145_t_hjo_dgs/1/221114_2145_t_hjo_dgs_2360k_p35v15.mp4,460.0 x 524.0,"1689,88",25,42247,08/01/2022,90.61,546,299,3625,25134
147,heute journal-heute journal vom 16. November 2022 (Gebärdensprache)-0228760580,2022-11-16,https://www.zdf.de/nachrichten/heute-journal/heute-journal-vom-16-november-2022-100.html,https://rodlzdf-a.akamaihd.net/none/zdf/22/11/221116_2200_sendung_hjo_dgs/1/221116_2200_sendung_hjo_dgs_2360k_p35v15.mp4,460.0 x 524.0,"1991,36",25,49784,08/01/2022,136.27,593,325,4286,29365
148,heute journal-heute journal vom 17. November 2022 (Gebärdensprache)-1244000574,2022-11-17,https://www.zdf.de/nachrichten/heute-journal/heute-journal-vom-17-november-2022-100.html,https://rodlzdf-a.akamaihd.net/none/zdf/22/11/221117_2145_sendung_hjo_dgs/1/221117_2145_sendung_hjo_dgs_2360k_p35v15.mp4,460.0 x 524.0,"1689,96",25,42249,08/01/2022,107.13,518,280,3362,23344
149,heute journal-heute journal vom 18. November 2022 (Gebärdensprache)-1728213376,2022-11-18,https://www.zdf.de/nachrichten/heute-journal/heute-journal-vom-18-november-2022-100.html,https://rodlzdf-a.akamaihd.net/none/zdf/22/11/221118_2200_sendung_hjo_dgs/1/221118_2200_sendung_hjo_dgs_2360k_p35v15.mp4,460.0 x 524.0,"1813,92",25,45348,08/01/2022,114.17,562,272,3852,26627
150,heute journal-heute journal vom 19. November 2022 (Gebärdensprache)-1574951032,2022-11-19,https://www.zdf.de/nachrichten/heute-journal/heute-journal-vom-19-november-2022-100.html,https://rodlzdf-a.akamaihd.net/none/zdf/22/11/221119_2315_sendung_hjo_dgs/1/221119_2315_sendung_hjo_dgs_2360k_p35v15.mp4,460.0 x 524.0,"879,64",25,21991,08/01/2022,46.19,240,151,1723,11711
151,heute journal-heute journal vom 20. November 2022 (Gebärdensprache)-1042115730,2022-11-20,https://www.zdf.de/nachrichten/heute-journal/heute-journal-vom-20-november-2022-100.html,https://rodlzdf-a.akamaihd.net/none/zdf/22/11/221120_2145_sendung_hjo_dgs/1/221120_2145_sendung_hjo_dgs_2360k_p35v15.mp4,460.0 x 524.0,"1665,92",25,41648,08/01/2022,102.96,481,262,3302,22732
152,heute journal-heute journal vom 21. November 2022 (Gebärdensprache)-0280327408,2022-11-21,https://www.zdf.de/nachrichten/heute-journal/heute-journal-vom-21-november-2022-100.html,https://rodlzdf-a.akamaihd.net/none/zdf/22/11/221121_2045_sendung_hjo_dgs/3/221121_2045_sendung_hjo_dgs_2360k_p35v15.mp4,460.0 x 524.0,"553,76",25,13844,08/01/2022,29.94,168,95,1173,8113
153,heute journal-heute journal vom 22. November 2022 (Gebärdensprache)-1478025332,2022-11-22,https://www.zdf.de/nachrichten/heute-journal/heute-journal-vom-22-november-2022-100.html,https://rodlzdf-a.akamaihd.net/none/zdf/22/11/221122_2045_sendung_hjo_dgs/1/221122_2045_sendung_hjo_dgs_2360k_p35v15.mp4,460.0 x 524.0,"528,28",25,13207,08/01/2022,33.33,161,85,1133,7956
154,heute journal-heute journal vom 23. November 2022 (Gebärdensprache)-1196834750,2022-11-23,https://www.zdf.de/nachrichten/heute-journal/heute-journal-vom-23-november-2022-100.html,https://rodlzdf-a.akamaihd.net/none/zdf/22/11/221123_2140_sendung_hjo_dgs/1/221123_2140_sendung_hjo_dgs_2360k_p35v15.mp4,460.0 x 524.0,"1848,16",25,46204,08/01/2022,126.24,559,302,3985,27350
155,heute journal-heute journal vom 24. November 2022 (Gebärdensprache)-0859968008,2022-11-24,https://www.zdf.de/nachrichten/heute-journal/heute-journal-vom-24-november-2022-100.html,https://rodlzdf-a.akamaihd.net/none/zdf/22/11/221124_2045_sendung_hjo_dgs/1/221124_2045_sendung_hjo_dgs_2360k_p35v15.mp4,460.0 x 524.0,"521,8",25,13045,08/01/2022,30.72,161,92,1083,7672
156,heute journal-heute journal vom 25. November 2022 (Gebärdensprache)-0938922312,2022-11-25,https://www.zdf.de/nachrichten/heute-journal/heute-journal-vom-25-november-2022-100.html,https://rodlzdf-a.akamaihd.net/none/zdf/22/11/221125_2200_sendung_hjo_dgs/1/221125_2200_sendung_hjo_dgs_2360k_p35v15.mp4,460.0 x 524.0,"1847,24",25,46181,08/01/2022,109.02,596,339,3986,27987
157,heute journal-heute journal vom 27. November 2022 (Gebärdensprache)-0071990722,2022-11-27,https://www.zdf.de/nachrichten/heute-journal/heute-journal-vom-27-november-2022-100.html,https://rodlzdf-a.akamaihd.net/none/zdf/22/11/221127_2045_sendung_hjo_dgs/1/221127_2045_sendung_hjo_dgs_2360k_p35v15.mp4,460.0 x 524.0,"529,28",25,13232,08/01/2022,36.96,174,102,1208,8165
158,heute journal-heute journal vom 28. November 2022 (Gebärdensprache)-1804154498,2022-11-28,https://www.zdf.de/nachrichten/heute-journal/heute-journal-vom-28-november-2022-100.html,https://rodlzdf-a.akamaihd.net/none/zdf/22/11/221128_2145_sendung_hjo_dgs/1/221128_2145_sendung_hjo_dgs_2360k_p35v15.mp4,460.0 x 524.0,"1757,28",25,43932,08/01/2022,106.16,554,298,4055,28002
159,heute journal-heute journal vom 29. November 2022 (Gebärdensprache)-1044878466,2022-11-29,https://www.zdf.de/nachrichten/heute-journal/heute-journal-vom-29-november-2022-100.html,https://rodlzdf-a.akamaihd.net/none/zdf/22/11/221129_2145_sendung_hjo_dgs/3/221129_2145_sendung_hjo_dgs_2360k_p35v15.mp4,460.0 x 524.0,"1796,76",25,44919,08/01/2022,126.61,531,295,3624,25657
160,heute journal-heute journal vom 30. November 2022 (Gebärdensprache)-1936860270,2022-11-30,https://www.zdf.de/nachrichten/heute-journal/heute-journal-vom-30-november-2022-100.html,https://rodlzdf-a.akamaihd.net/none/zdf/22/11/221130_2045_sendung_hjo_dgs/1/221130_2045_sendung_hjo_dgs_2360k_p35v15.mp4,460.0 x 524.0,"558,8",25,13970,08/01/2022,35.46,165,101,1059,7401
161,heute journal-heute journal vom 1. Dezember 2022 (Gebärdensprache)-0236683989,2022-12-01,https://www.zdf.de/nachrichten/heute-journal/heute-journal-vom-1-dezember-2022-100.html,https://rodlzdf-a.akamaihd.net/none/zdf/22/12/221201_2145_sendung_hjo_dgs/1/221201_2145_sendung_hjo_dgs_2360k_p35v15.mp4,460.0 x 524.0,"1799,04",25,44976,08/01/2022,115.84,500,308,3448,23387
162,heute journal-heute journal vom 2. Dezember 2022 (Gebärdensprache)-0369145575,2022-12-02,https://www.zdf.de/nachrichten/heute-journal/heute-journal-vom-2-dezember-2022-100.html,https://rodlzdf-a.akamaihd.net/none/zdf/22/12/221202_2045_sendung_hjo_dgs/1/221202_2045_sendung_hjo_dgs_2360k_p35v15.mp4,460.0 x 524.0,547,25,13675,08/01/2022,36.63,168,100,1135,7935
163,heute journal-heute journal vom 3. Dezember 2022 (Gebärdensprache)-2078455465,2022-12-03,https://www.zdf.de/nachrichten/heute-journal/heute-journal-vom-3-dezember-2022-100.html,https://rodlzdf-a.akamaihd.net/none/zdf/22/12/221203_2344_sendung_hjo_dgs/1/221203_2344_sendung_hjo_dgs_2360k_p35v15.mp4,460.0 x 524.0,"867,64",25,21691,08/01/2022,48.41,252,156,1810,12397
164,heute journal-heute journal vom 4. Dezember 2022 (Gebärdensprache)-1024661275,2022-12-04,https://www.zdf.de/nachrichten/heute-journal/heute-journal-vom-4-dezember-2022-100.html,https://rodlzdf-a.akamaihd.net/none/zdf/22/12/221204_2145_sendung_hjo_dgs/1/221204_2145_sendung_hjo_dgs_2360k_p35v15.mp4,460.0 x 524.0,"1684,44",25,42111,08/01/2022,111.11,479,283,3167,22266
165,heute journal-heute journal vom 5. Dezember 2022 (Gebärdensprache)-0418831711,2022-12-05,https://www.zdf.de/nachrichten/heute-journal/heute-journal-vom-5-dezember-2022-100.html,https://rodlzdf-a.akamaihd.net/none/zdf/22/12/221205_2045_sendung_hjo_dgs/1/221205_2045_sendung_hjo_dgs_2360k_p35v15.mp4,460.0 x 524.0,"547,28",25,13682,08/01/2022,33.21,175,107,1172,8237
166,heute journal-heute journal vom 6. Dezember 2022 (Gebärdensprache)-1355611733,2022-12-06,https://www.zdf.de/nachrichten/heute-journal/heute-journal-vom-6-dezember-2022-100.html,https://rodlzdf-a.akamaihd.net/none/zdf/22/12/221206_2315_sendung_hjo_dgs/1/221206_2315_sendung_hjo_dgs_2360k_p35v15.mp4,460.0 x 524.0,"1693,96",25,42349,08/01/2022,102.38,519,313,3612,25235
167,heute journal-heute journal vom 7. Dezember 2022 (Gebärdensprache)-1737403330,2022-12-07,https://www.zdf.de/nachrichten/heute-journal/heute-journal-vom-7-dezember-2022-100.html,https://rodlzdf-a.akamaihd.net/none/zdf/22/12/221207_2145_sendung_hjo_dgs/4/221207_2145_sendung_hjo_dgs_2360k_p35v15.mp4,460.0 x 524.0,"1826,4",25,45660,08/01/2022,92.4,584,332,3999,27191
168,heute journal-heute journal vom 8. Dezember 2022 (Gebärdensprache)-1998115933,2022-12-08,https://www.zdf.de/nachrichten/heute-journal/heute-journal-vom-8-dezember-2022-100.html,https://rodlzdf-a.akamaihd.net/none/zdf/22/12/221208_2200_sendung_hjo_dgs/1/221208_2200_sendung_hjo_dgs_2360k_p35v15.mp4,460.0 x 524.0,"1765,96",25,44149,08/01/2022,115.86,557,309,3840,26580
169,heute journal-heute journal vom 9. Dezember 2022 (Gebärdensprache)-1127854693,2022-12-09,https://www.zdf.de/nachrichten/heute-journal/heute-journal-vom-9-dezember-2022-100.html,https://rodlzdf-a.akamaihd.net/none/zdf/22/12/221209_2200_sendung_hjo_dgs/1/221209_2200_sendung_hjo_dgs_2360k_p35v15.mp4,460.0 x 524.0,"1705,64",25,42641,08/01/2022,117.16,529,293,3538,24947
170,heute journal-heute journal vom 10. Dezember 2022 (Gebärdensprache)-0089689363,2022-12-10,https://www.zdf.de/nachrichten/heute-journal/heute-journal-vom-10-dezember-2022-100.html,https://rodlzdf-a.akamaihd.net/none/zdf/22/12/221210_2045_sendung_hjo_dgs/1/221210_2045_sendung_hjo_dgs_2360k_p35v15.mp4,460.0 x 524.0,"490,6",25,12265,08/01/2022,29.49,161,93,1082,7387
171,heute journal-heute journal vom 11. Dezember 2022 (Gebärdensprache)-1642474413,2022-12-11,https://www.zdf.de/nachrichten/heute-journal/heute-journal-vom-11-dezember-2022-100.html,https://rodlzdf-a.akamaihd.net/none/zdf/22/12/221211_2145_sendung_hjo_dgs/1/221211_2145_sendung_hjo_dgs_2360k_p35v15.mp4,460.0 x 524.0,"1676,92",25,41923,08/01/2022,106.13,511,307,3409,23407
172,heute journal-heute journal vom 12. Dezember 2022 (Gebärdensprache)-1483496213,2022-12-12,https://www.zdf.de/nachrichten/heute-journal/heute-journal-vom-12-dezember-2022-100.html,https://rodlzdf-a.akamaihd.net/none/zdf/22/12/221212_2145_sendung_hjo_dgs/1/221212_2145_sendung_hjo_dgs_2360k_p35v15.mp4,460.0 x 524.0,"1711,32",25,42783,08/01/2022,98.91,499,275,3333,23486
173,heute journal-heute journal vom 13. Dezember 2022 (Gebärdensprache)-1311523955,2022-12-13,https://www.zdf.de/nachrichten/heute-journal/heute-journal-vom-13-dezember-2022-100.html,https://rodlzdf-a.akamaihd.net/none/zdf/22/12/221213_2315_sendung_hjo_dgs/1/221213_2315_sendung_hjo_dgs_2360k_p35v15.mp4,460.0 x 524.0,"1822,2",25,45555,08/01/2022,102.51,548,310,3781,25592
174,heute journal-heute journal vom 15. Dezember 2022 (Gebärdensprache)-1208617107,2022-12-15,https://www.zdf.de/nachrichten/heute-journal/heute-journal-vom-15-dezember-2022-100.html,https://rodlzdf-a.akamaihd.net/none/zdf/22/12/221215_2215_sendung_hjo_dgs/1/221215_2215_sendung_hjo_dgs_2360k_p35v15.mp4,460.0 x 524.0,"1735,72",25,43393,08/01/2022,103.19,526,307,3644,25016
175,heute journal-heute journal vom 16. Dezember 2022 (Gebärdensprache)-1539280995,2022-12-16,https://www.zdf.de/nachrichten/heute-journal/heute-journal-vom-16-dezember-2022-100.html,https://rodlzdf-a.akamaihd.net/none/zdf/22/12/221216_2200_sendung_hjo_dgs/1/221216_2200_sendung_hjo_dgs_2360k_p35v15.mp4,460.0 x 524.0,"1945,68",25,48642,08/01/2022,116.24,578,337,3987,27824
176,heute journal-heute journal vom 17. Dezember 2022 (Gebärdensprache)-1692543339,2022-12-17,https://www.zdf.de/nachrichten/heute-journal/heute-journal-vom-17-dezember-2022-100.html,https://rodlzdf-a.akamaihd.net/none/zdf/22/12/221217_2315_sendung_hjo_dgs/1/221217_2315_sendung_hjo_dgs_2360k_p35v15.mp4,460.0 x 524.0,"890,28",25,22257,08/01/2022,53.88,284,157,1987,13708
177,heute journal-heute journal vom 18. Dezember 2022 (Gebärdensprache)-1235516511,2022-12-18,https://www.zdf.de/nachrichten/heute-journal/heute-journal-vom-18-dezember-2022-100.html,https://rodlzdf-a.akamaihd.net/none/zdf/22/12/221218_2145_sendung_hjo_dgs/1/221218_2145_sendung_hjo_dgs_2360k_p35v15.mp4,460.0 x 524.0,1683,25,42075,08/01/2022,110.53,463,267,3210,22092
178,heute journal-heute journal vom 19. Dezember 2022 (Gebärdensprache)-1890454115,2022-12-19,https://www.zdf.de/nachrichten/heute-journal/heute-journal-vom-19-dezember-2022-100.html,https://rodlzdf-a.akamaihd.net/none/zdf/22/12/221219_2145_sendung_hjo_dgs/1/221219_2145_sendung_hjo_dgs_2360k_p35v15.mp4,460.0 x 524.0,"1734,72",25,43368,08/01/2022,103.54,542,312,3706,25418
179,heute journal-heute journal vom 20. Dezember 2022 (Gebärdensprache)-1942331151,2022-12-20,https://www.zdf.de/nachrichten/heute-journal/heute-journal-vom-20-dezember-2022-100.html,https://rodlzdf-a.akamaihd.net/none/zdf/22/12/221220_2145_sendung_hjo_dgs/1/221220_2145_sendung_hjo_dgs_2360k_p35v15.mp4,460.0 x 524.0,"1682,64",25,42066,08/01/2022,107.86,529,319,3611,24208
180,heute journal-heute journal vom 21. Dezember 2022 (Gebärdensprache)-0773334481,2022-12-21,https://www.zdf.de/nachrichten/heute-journal/heute-journal-vom-21-dezember-2022-100.html,https://rodlzdf-a.akamaihd.net/none/zdf/22/12/221221_2145_sendung_hjo_dgs/1/221221_2145_sendung_hjo_dgs_2360k_p35v15.mp4,460.0 x 524.0,"1943,44",25,48586,08/01/2022,109.06,567,353,3795,26083
181,heute journal-heute journal vom 22. Dezember 2022 (Gebärdensprache)-0193425911,2022-12-22,https://www.zdf.de/nachrichten/heute-journal/heute-journal-vom-22-dezember-2022-100.html,https://rodlzdf-a.akamaihd.net/none/zdf/22/12/221222_2205_sendung_hjo_dgs/1/221222_2205_sendung_hjo_dgs_2360k_p35v15.mp4,460.0 x 524.0,"1661,72",25,41543,08/01/2022,94.44,494,307,3351,23174
182,heute journal-heute journal vom 23. Dezember 2022 (Gebärdensprache)-2127825965,2022-12-23,https://www.zdf.de/nachrichten/heute-journal/heute-journal-vom-23-dezember-2022-100.html,https://rodlzdf-a.akamaihd.net/none/zdf/22/12/221223_2245_sendung_hjo_dgs/1/221223_2245_sendung_hjo_dgs_2360k_p35v15.mp4,460.0 x 524.0,"1661,96",25,41549,08/01/2022,100.95,521,307,3464,23828
183,heute journal-heute journal vom 27. Dezember 2022 (Gebärdensprache)-1945678243,2022-12-27,https://www.zdf.de/nachrichten/heute-journal/heute-journal-vom-27-dezember-2022-100.html,https://rodlzdf-a.akamaihd.net/none/zdf/22/12/221227_2145_sendung_hjo_dgs/1/221227_2145_sendung_hjo_dgs_2360k_p35v15.mp4,460.0 x 524.0,"1746,92",25,43673,08/01/2022,92.53,535,316,3725,25437
184,heute journal-heute journal vom 28. Dezember 2022 (Gebärdensprache)-1180292383,2022-12-28,https://www.zdf.de/nachrichten/heute-journal/heute-journal-vom-28-dezember-2022-100.html,https://rodlzdf-a.akamaihd.net/none/zdf/22/12/221228_2145_sendung_hjo_dgs/1/221228_2145_sendung_hjo_dgs_2360k_p35v15.mp4,460.0 x 524.0,"1694,44",25,42361,08/01/2022,97.87,521,320,3586,24349
185,heute journal-heute journal vom 29. Dezember 2022 (Gebärdensprache)-0011295713,2022-12-29,https://www.zdf.de/nachrichten/heute-journal/heute-journal-vom-29-dezember-2022-100.html,https://rodlzdf-a.akamaihd.net/none/zdf/22/12/221229_2145_sendung_hjo_dgs/1/221229_2145_sendung_hjo_dgs_2360k_p35v15.mp4,460.0 x 524.0,"1787,52",25,44688,08/01/2022,106.87,539,338,3890,26130
186,heute journal-heute journal vom 30. Dezember 2022 (Gebärdensprache)-1347397359,2022-12-30,https://www.zdf.de/nachrichten/heute-journal/heute-journal-vom-30-dezember-2022-100.html,https://rodlzdf-a.akamaihd.net/none/zdf/22/12/221230_2242_sendung_hjo_dgs/1/221230_2242_sendung_hjo_dgs_2360k_p35v15.mp4,460.0 x 524.0,"1768,96",25,44224,08/01/2022,104.17,544,309,3735,25344
187,heute journal-heute journal vom 2. Januar 2023 (Gebärdensprache)-1065536890,2023-01-02,https://www.zdf.de/nachrichten/heute-journal/heute-journal-vom-2-januar-2023-100.html,https://rodlzdf-a.akamaihd.net/none/zdf/23/01/230102_2145_sendung_hjo_dgs/1/230102_2145_sendung_hjo_dgs_2360k_p35v15.mp4,460.0 x 524.0,"1685,84",25,42146,08/01/2022,104.83,529,278,3657,25531
188,heute journal-heute journal vom 3. Januar 2023 (Gebärdensprache)-0103459780,2023-01-03,https://www.zdf.de/nachrichten/heute-journal/heute-journal-vom-3-januar-2023-100.html,https://rodlzdf-a.akamaihd.net/none/zdf/23/01/230103_2145_sendung_hjo_dgs/1/230103_2145_sendung_hjo_dgs_2360k_p35v15.mp4,460.0 x 524.0,"1640,4",25,41010,08/01/2022,112.42,531,320,3774,25571
189,heute journal-heute journal vom 4. Januar 2023 (Gebärdensprache)-1272456450,2023-01-04,https://www.zdf.de/nachrichten/heute-journal/heute-journal-vom-4-januar-2023-100.html,https://rodlzdf-a.akamaihd.net/none/zdf/23/01/230104_2145_sendung_hjo_dgs/1/230104_2145_sendung_hjo_dgs_2360k_p35v15.mp4,460.0 x 524.0,"1690,12",25,42253,08/01/2022,101.68,512,280,3526,24816
190,heute journal-heute journal vom 5. Januar 2023 (Gebärdensprache)-1853514176,2023-01-05,https://www.zdf.de/nachrichten/heute-journal/heute-journal-vom-5-januar-2023-100.html,https://rodlzdf-a.akamaihd.net/none/zdf/23/01/230105_2145_sendung_hjo_dgs/1/230105_2145_sendung_hjo_dgs_2360k_p35v15.mp4,460.0 x 524.0,"1790,84",25,44771,08/01/2022,105.31,459,289,3267,22175
